source1_entity_id	candidate_entity_ids
S1-714132312	S2-53905212,S2-299460698,S2-369365257,S2-891464674,S2-185992292,S2-470663366,S2-22921534,S2-125262185,S2-620165737,S2-40384887,S2-222958423,S2-299399703,S2-172650395,S2-86458130,S2-249770710,S2-727017825,S2-801866606,S2-977648373,S2-194377317,S2-662886498,S3-346751127,S3-727066311,S3-190683263,S3-399221113,S3-513057872,S3-490903484,S3-365263615,S3-646804097,S3-220672970,S3-840520937,S3-124437490,S3-600764394,S3-975520022,S3-533765245,S3-135477072,S3-650185528,S3-153190870,S3-751695476,S3-329001741,S3-317718252
S1-106407869	S2-591089793,S2-141538102,S2-330252830,S2-189280073,S2-936758787,S2-345680019,S2-711545626,S2-287435648,S2-838997155,S2-957234479,S2-446187533,S2-565787935,S2-219342103,S2-745913971,S2-920706385,S2-745329,S2-993988947,S2-970648067,S2-912163300,S2-348179146,S3-59386541,S3-863094745,S3-619165166,S3-593556662,S3-776024958,S3-332779414,S3-603696293,S3-307198650,S3-991179212,S3-637919093,S3-415590668,S3-245696455,S3-966485001,S3-912771011,S3-949771897,S3-523703645,S3-477845182,S3-279046029,S3-453500822,S3-553963838
S1-156285671	S2-975664547,S2-29400256,S2-916704724,S2-683953111,S2-577026269,S2-134652116,S2-895744526,S2-103992773,S2-914172350,S2-852450007,S2-827762797,S2-749900465,S2-664334744,S2-247139190,S2-983800396,S2-490207678,S2-521338800,S2-567469512,S2-919222729,S2-134956331,S3-764166495,S3-50910381,S3-799655390,S3-405094639,S3-579614028,S3-851471320,S3-729415634,S3-20296760,S3-370893767,S3-2911471,S3-50316458,S3-564274320,S3-799336760,S3-875419370,S3-189273267,S3-636178822,S3-774854286,S3-759071755,S3-411872979,S3-734665607
S1-689823050	S2-122938202,S2-301007505,S2-960946763,S2-945210740,S2-572629757,S2-27691538,S2-7239215,S2-533517462,S2-342660511,S2-54480866,S2-810655587,S2-926001316,S2-607307617,S2-259910747,S2-832136809,S2-910432448,S2-640935794,S2-219381945,S2-709073875,S2-872142796,S3-722928224,S3-719851443,S3-752605084,S3-923698666,S3-381413594,S3-577238317,S3-617903667,S3-556011313,S3-918078165,S3-45664806,S3-439470033,S3-104749678,S3-780920786,S3-466291111,S3-652079282,S3-869281154,S3-345048921,S3-675056246,S3-793054627,S3-129699762
S1-921369899	S2-950797288,S2-884490603,S2-751608124,S2-121301652,S2-402786736,S2-647459821,S2-329405096,S2-105853349,S2-747815181,S2-876513920,S2-382202905,S2-705455824,S2-462781289,S2-108897712,S2-583918262,S2-845276290,S2-7871403,S2-385906219,S2-892636381,S2-75676145,S3-467808121,S3-836930547,S3-626634438,S3-572123749,S3-936553552,S3-283297544,S3-472606005,S3-168496012,S3-186152848,S3-929474627,S3-752003064,S3-353384806,S3-871780423,S3-657947443,S3-418012365,S3-800704771,S3-617979890,S3-263096276,S3-751801930,S3-44497553
S1-481669221	S2-268662251,S2-316275979,S2-151306337,S2-891600450,S2-557969803,S2-3170985,S2-788516193,S2-746347448,S2-878884039,S2-91021671,S2-936976424,S2-48321181,S2-478735617,S2-254629165,S2-915631763,S2-126679610,S2-567227715,S2-164577147,S2-339365830,S2-333048025,S3-368650720,S3-218396865,S3-838114556,S3-176122147,S3-760352668,S3-549972748,S3-853427451,S3-241307377,S3-511384152,S3-572030729,S3-984724675,S3-151188313,S3-116334847,S3-768660371,S3-626553939,S3-840497128,S3-627153369,S3-866811231,S3-407369939,S3-368104334
S1-909865979	S2-832815541,S2-781399463,S2-816546112,S2-484690896,S2-478737337,S2-175283182,S2-913099053,S2-654086044,S2-593069089,S2-3779609,S2-210926944,S2-773792198,S2-637434303,S2-884050157,S2-772467653,S2-817215507,S2-468694681,S2-297350165,S2-687234641,S2-765239042,S3-233733873,S3-586823907,S3-64610730,S3-728767053,S3-594224653,S3-240224037,S3-974741307,S3-856879851,S3-466887907,S3-730123145,S3-975650001,S3-555464166,S3-3244442,S3-282854462,S3-494073751,S3-96982185,S3-550276527,S3-227136413,S3-163606724,S3-693827482
S1-280204013	S2-444182535,S2-296970186,S2-43273550,S2-46967487,S2-175310205,S2-71459752,S2-292953320,S2-947095292,S2-599189531,S2-410936636,S2-278391099,S2-704180517,S2-264036853,S2-755410840,S2-678172062,S2-812280855,S2-600460285,S2-54111755,S2-892040046,S2-643871821,S3-690587555,S3-677190761,S3-653673465,S3-915330451,S3-940783539,S3-851409065,S3-761559565,S3-670319433,S3-308041783,S3-507842583,S3-980337835,S3-254041765,S3-422397477,S3-176169543,S3-760576040,S3-123176030,S3-85598318,S3-575180494,S3-784556058,S3-358120136
S1-742053041	S2-269904958,S2-687425900,S2-235802560,S2-915310050,S2-803248179,S2-7486732,S2-922783961,S2-10504367,S2-621975866,S2-951329252,S2-382293588,S2-519306830,S2-964357556,S2-537184954,S2-916012276,S2-31544111,S2-332758306,S2-919448159,S2-422685953,S2-291851228,S3-634595447,S3-885210293,S3-839849537,S3-530897535,S3-988816331,S3-910889051,S3-377900926,S3-548623628,S3-75299155,S3-629178226,S3-12311181,S3-422903536,S3-205029400,S3-37473473,S3-621672729,S3-491007595,S3-376463977,S3-537034182,S3-515633719,S3-622777782
S1-913506265	S2-229953828,S2-744101407,S2-497869712,S2-973459583,S2-370970630,S2-215800567,S2-928875345,S2-789852704,S2-505570506,S2-480949290,S2-890178948,S2-98990312,S2-747459531,S2-830919961,S2-525148018,S2-529650669,S2-61535084,S2-417743541,S2-187946182,S2-40956435,S3-375299903,S3-222070194,S3-990401455,S3-250403026,S3-323942209,S3-765947654,S3-577767799,S3-196333237,S3-282452546,S3-660592001,S3-314473064,S3-735911553,S3-815268680,S3-952430516,S3-107273061,S3-987015226,S3-587258953,S3-149238440,S3-80876294,S3-553448698
S1-479574617	S2-29065941,S2-380723057,S2-496321012,S2-705169952,S2-111618833,S2-750887377,S2-836654703,S2-407777610,S2-624133172,S2-421649508,S2-125558832,S2-837946438,S2-685396460,S2-498087914,S2-265721609,S2-83964594,S2-634552793,S2-622616547,S2-844502848,S2-488520085,S3-548274349,S3-782282971,S3-694485321,S3-216642521,S3-692457070,S3-549826015,S3-758072581,S3-980845083,S3-690597938,S3-720539650,S3-327641756,S3-595777819,S3-621698790,S3-782363652,S3-760143860,S3-728047690,S3-192361898,S3-452489284,S3-601379705,S3-656646205
S1-680637447	S2-305550866,S2-40312274,S2-4908679,S2-60662588,S2-215763896,S2-592881202,S2-203862995,S2-291537682,S2-167404095,S2-887173534,S2-971878514,S2-386022523,S2-566467894,S2-566204709,S2-980259702,S2-901706153,S2-174072300,S2-781614413,S2-259504978,S2-127013960,S3-472094422,S3-567619836,S3-284702369,S3-612464081,S3-524079353,S3-732467446,S3-678745285,S3-199401204,S3-654514302,S3-400847090,S3-893634243,S3-27828482,S3-778572005,S3-879656860,S3-434825929,S3-91192129,S3-495777532,S3-176828085,S3-682097146,S3-876245652
S1-870190130	S2-408784329,S2-45431562,S2-66934563,S2-210631590,S2-491215926,S2-774877201,S2-13242466,S2-526774219,S2-993045242,S2-749126116,S2-252942737,S2-403414262,S2-87697121,S2-197570955,S2-207118811,S2-877443712,S2-746217600,S2-508603048,S2-494504935,S2-55636069,S3-282871072,S3-116097714,S3-8091833,S3-143852498,S3-833293460,S3-468932479,S3-511364793,S3-313845643,S3-623551556,S3-622017603,S3-221869867,S3-827272814,S3-488999173,S3-754220350,S3-959186076,S3-78563400,S3-912459611,S3-690066751,S3-158041984,S3-463095392
S1-365170694	S2-353855386,S2-319140670,S2-283517536,S2-850524269,S2-504837702,S2-345574026,S2-205179124,S2-967038518,S2-754104378,S2-529160777,S2-761668289,S2-828729653,S2-358215911,S2-344956759,S2-882874510,S2-805548265,S2-421700184,S2-652157698,S2-776115813,S2-148864599,S3-965590195,S3-902878742,S3-383509051,S3-326380098,S3-665566090,S3-986333913,S3-125034765,S3-894554535,S3-877090597,S3-293848869,S3-931563201,S3-330708781,S3-926772527,S3-842491526,S3-82407437,S3-654216843,S3-985137427,S3-837061209,S3-481451268,S3-627047465
S1-778640743	S2-117036112,S2-998924368,S2-823497950,S2-495604525,S2-99059673,S2-809690243,S2-984594916,S2-389270539,S2-465665044,S2-696958600,S2-847930705,S2-577043370,S2-538979799,S2-622891952,S2-730090783,S2-845352947,S2-456217668,S2-633286157,S2-172339003,S2-28870620,S3-467616579,S3-585313377,S3-63175456,S3-867608501,S3-624314279,S3-512625539,S3-588881635,S3-326317952,S3-528244089,S3-930380398,S3-662956244,S3-743016773,S3-943627158,S3-611986684,S3-74427391,S3-651669869,S3-445805755,S3-113437035,S3-530441200,S3-95580652
S1-378191895	S2-194780367,S2-46251183,S2-886441714,S2-284797430,S2-954602660,S2-767196124,S2-109477559,S2-265013845,S2-462810789,S2-444088709,S2-495395238,S2-312863538,S2-968880515,S2-310203673,S2-301114007,S2-25603252,S2-219458294,S2-935861375,S2-733902841,S2-367421262,S3-574965345,S3-779007929,S3-53690135,S3-687716797,S3-7525865,S3-443024308,S3-383341672,S3-62237303,S3-591492307,S3-293863909,S3-363885267,S3-783154438,S3-666738655,S3-254336108,S3-46615497,S3-106635922,S3-465657469,S3-521693306,S3-866191475,S3-323904182
S1-684974736	S2-618595825,S2-804372357,S2-330839050,S2-164709711,S2-389074131,S2-313808553,S2-415183347,S2-900141598,S2-312878241,S2-562128736,S2-440633694,S2-875312544,S2-219895754,S2-122426944,S2-578510522,S2-195723912,S2-406111339,S2-535249939,S2-142747249,S2-712359876,S3-403182057,S3-479866796,S3-613942658,S3-762726185,S3-832647831,S3-527024444,S3-499044744,S3-756497896,S3-715865669,S3-949995336,S3-544605042,S3-530654091,S3-157851546,S3-889689884,S3-957255535,S3-476028861,S3-506027950,S3-435624740,S3-166562069,S3-498577657
S1-750279127	S2-126679610,S2-947844465,S2-878884039,S2-599002630,S2-891600450,S2-771268787,S2-151306337,S2-694895046,S2-339365830,S2-37969787,S2-213922978,S2-263585032,S2-851634065,S2-34249659,S2-431914516,S2-268662251,S2-606119667,S2-223340813,S2-91021671,S2-160722779,S3-642632666,S3-737591346,S3-257442719,S3-368650720,S3-859821365,S3-522233638,S3-468025191,S3-900449718,S3-407295256,S3-519651006,S3-576660392,S3-407369939,S3-222258008,S3-581899231,S3-484013061,S3-218396865,S3-537084161,S3-368104334,S3-517067680,S3-838433771
S1-209281220	S2-355352021,S2-821080353,S2-619090572,S2-904962932,S2-111044839,S2-613559472,S2-1190908,S2-631072122,S2-243875936,S2-449462416,S2-467692533,S2-266499977,S2-196104502,S2-148650459,S2-427637832,S2-8824189,S2-355656005,S2-335112761,S2-855804524,S2-61290486,S3-838377508,S3-553228322,S3-816369919,S3-799128595,S3-332236968,S3-157732099,S3-954710809,S3-557326580,S3-795106900,S3-944904174,S3-754500001,S3-388981527,S3-184901769,S3-601895066,S3-569051222,S3-885179488,S3-465377720,S3-453404850,S3-251550254,S3-29791337
S1-550154910	S2-66452205,S2-619927703,S2-285384769,S2-308727113,S2-135743632,S2-354497129,S2-210262787,S2-479511,S2-122532904,S2-606100572,S2-306589586,S2-476616158,S2-420714339,S2-298794132,S2-680491677,S2-90119287,S2-527970077,S2-815134404,S2-108959386,S2-729915788,S3-6778980,S3-292495394,S3-409202511,S3-411609589,S3-61892529,S3-44570790,S3-282908549,S3-333253188,S3-909141698,S3-50265618,S3-696445514,S3-105170828,S3-200650421,S3-45801760,S3-686807004,S3-547613965,S3-243385559,S3-754142148,S3-124923979,S3-566432478
S1-897975128	S2-675523517,S2-24864501,S2-526359191,S2-198108921,S2-991126031,S2-775198482,S2-300113600,S2-60538603,S2-146788913,S2-20078696,S2-708796447,S2-192551182,S2-557890210,S2-519150176,S2-482478959,S2-908457142,S2-194389584,S2-843055193,S2-714171917,S2-440458595,S3-297563564,S3-846577187,S3-359017501,S3-362688357,S3-656566254,S3-78592951,S3-767213180,S3-837301258,S3-4604646,S3-766693547,S3-222176761,S3-36394868,S3-57711132,S3-897538772,S3-300336228,S3-713754282,S3-14700333,S3-899239924,S3-355370231,S3-473636915
S1-704604312	S2-259202536,S2-557746563,S2-367175765,S2-521413821,S2-238124661,S2-739001878,S2-96362079,S2-536346493,S2-119602706,S2-512737658,S2-478081963,S2-307375005,S2-651252160,S2-451122481,S2-257478410,S2-582318854,S2-965195000,S2-662590145,S2-928997081,S2-142316680,S3-861876204,S3-521710250,S3-669092448,S3-962607637,S3-549298,S3-224294182,S3-321777851,S3-692480408,S3-583984779,S3-356059610,S3-165611344,S3-996787733,S3-762435762,S3-165303512,S3-560988841,S3-734744338,S3-983011798,S3-57553088,S3-355122519,S3-652152736
S1-628750886	S2-53776724,S2-807016001,S2-837066204,S2-798097484,S2-168557846,S2-486425023,S2-96368391,S2-800631797,S2-69192951,S2-53144371,S2-584746235,S2-127839665,S2-24597169,S2-441692657,S2-833923367,S2-847808650,S2-786869781,S2-470200570,S2-626468842,S2-116990488,S3-285037882,S3-89710702,S3-734924651,S3-966640159,S3-664055686,S3-358013776,S3-535061929,S3-977186336,S3-276488973,S3-99702259,S3-929584511,S3-872325667,S3-806854043,S3-698983355,S3-967582304,S3-21838448,S3-264963212,S3-264878966,S3-427581158,S3-934627663
S1-714038427	S2-826808370,S2-427125238,S2-736462000,S2-724578744,S2-179705599,S2-697133366,S2-154465233,S2-233642246,S2-382746367,S2-394629152,S2-778488094,S2-725867001,S2-571060512,S2-464776473,S2-900778126,S2-330104777,S2-588803791,S2-796218886,S2-24568141,S2-263120945,S3-552359778,S3-199617731,S3-896661983,S3-846732935,S3-828529434,S3-425263573,S3-372085852,S3-141015950,S3-992784512,S3-457307384,S3-573605691,S3-583305531,S3-59503149,S3-306804841,S3-205030578,S3-960350622,S3-744887402,S3-549558030,S3-934036934,S3-22070594
S1-426194890	S2-915599312,S2-372587726,S2-530637870,S2-893186028,S2-938169179,S2-435477583,S2-417732360,S2-377669375,S2-786123845,S2-393875913,S2-495328048,S2-236486600,S2-791377367,S2-12182513,S2-321891708,S2-292786177,S2-428112890,S2-665541388,S2-997515179,S2-395466375,S3-482114701,S3-496856675,S3-908893644,S3-162462180,S3-815662862,S3-48022588,S3-562188415,S3-149072483,S3-330752090,S3-832238839,S3-940929323,S3-142374256,S3-677073371,S3-549861416,S3-19301081,S3-51841915,S3-308387912,S3-881926213,S3-22770491,S3-141829391
S1-122385784	S2-808576831,S2-703172444,S2-220449102,S2-63531653,S2-665775709,S2-143635266,S2-755866309,S2-984611297,S2-289412437,S2-317338793,S2-347572841,S2-540758468,S2-676467679,S2-836257905,S2-554172232,S2-150397121,S2-181041759,S2-779120161,S2-907643272,S2-532721038,S3-239645053,S3-543745613,S3-582674700,S3-183927606,S3-849863248,S3-868851418,S3-730526549,S3-815732391,S3-759246888,S3-932146669,S3-33708676,S3-776466763,S3-968001175,S3-471128711,S3-60823907,S3-724080816,S3-490502117,S3-937356851,S3-435949594,S3-360682713
S1-540642140	S2-689731037,S2-324226436,S2-299061023,S2-873367081,S2-579911424,S2-828909021,S2-336288921,S2-620833020,S2-631009621,S2-12143053,S2-184312863,S2-630503409,S2-498847231,S2-596908633,S2-971189240,S2-18373037,S2-113542856,S2-861815244,S2-414109268,S2-224731794,S3-268397330,S3-141821860,S3-830267222,S3-509033058,S3-1857324,S3-302908215,S3-117180556,S3-981469366,S3-48359014,S3-739936444,S3-284204543,S3-447231469,S3-335841338,S3-605923847,S3-546424284,S3-242645790,S3-461733052,S3-922355247,S3-896029467,S3-501419719
S1-123475953	S2-794070233,S2-928598328,S2-356994453,S2-538358423,S2-87610766,S2-112408451,S2-902873889,S2-797831149,S2-141889727,S2-172066960,S2-384171816,S2-72106541,S2-286309618,S2-781154402,S2-836156518,S2-270019533,S2-340104040,S2-211215201,S2-304272541,S2-257478410,S3-179845689,S3-784413818,S3-381009221,S3-93034073,S3-80563314,S3-703086048,S3-17457335,S3-738060609,S3-171332589,S3-744886842,S3-678442825,S3-459504061,S3-22144092,S3-742971251,S3-195511370,S3-255731557,S3-848583182,S3-362931345,S3-718425010,S3-334771935
S1-444801830	S2-923689213,S2-109811495,S2-760467372,S2-932502376,S2-707029363,S2-90282614,S2-687975083,S2-136729707,S2-229478482,S2-638309978,S2-793605349,S2-158763449,S2-900220600,S2-144056913,S2-932188608,S2-765110766,S2-202929334,S2-636196033,S2-18432284,S2-241362122,S3-302516864,S3-866580997,S3-145729614,S3-32387908,S3-702192442,S3-238568846,S3-58465858,S3-254957014,S3-505728960,S3-422242645,S3-189475939,S3-674234124,S3-132722092,S3-175443554,S3-233201952,S3-545762589,S3-468363908,S3-333773609,S3-406335797,S3-295680915
S1-502376041	S2-186622449,S2-212821777,S2-595328532,S2-629820719,S2-516874971,S2-440910055,S2-619674297,S2-589445977,S2-350512005,S2-61770009,S2-588085625,S2-479203488,S2-796991793,S2-755763130,S2-128112827,S2-609420211,S2-940810751,S2-470558958,S2-118549106,S2-479511,S3-569456395,S3-324472424,S3-320715327,S3-499352911,S3-435335006,S3-476232727,S3-159905326,S3-926900487,S3-632305304,S3-554907627,S3-568299876,S3-883789863,S3-994013896,S3-73202453,S3-361303795,S3-10304122,S3-271285624,S3-26695922,S3-566057472,S3-88912234
S1-594021398	S2-7793752,S2-776999904,S2-435712342,S2-967742666,S2-580916055,S2-785306153,S2-837946438,S2-577070082,S2-289239065,S2-844502848,S2-624133172,S2-90546857,S2-485337509,S2-498087914,S2-134433413,S2-403162570,S2-879732073,S2-103538789,S2-24970872,S2-265721609,S3-621698790,S3-682394848,S3-782363652,S3-104115349,S3-701573581,S3-736798421,S3-332240013,S3-679887350,S3-760143860,S3-452489284,S3-546262399,S3-720539650,S3-263638254,S3-413017480,S3-606404587,S3-728047690,S3-798438105,S3-893634243,S3-601379705,S3-113184158
S1-261170522	S2-116928397,S2-689436643,S2-757903279,S2-250936280,S2-292256470,S2-825158584,S2-420867802,S2-338306388,S2-84605393,S2-596905453,S2-337354956,S2-387573589,S2-645330149,S2-721023618,S2-596856473,S2-956677072,S2-438748930,S2-840144902,S2-734286984,S2-20886604,S3-596575988,S3-113279201,S3-721761087,S3-585634379,S3-387727807,S3-104763969,S3-47840646,S3-509187392,S3-189889195,S3-678081167,S3-963348933,S3-171662170,S3-968239933,S3-441030787,S3-604691447,S3-390122956,S3-974379737,S3-117232718,S3-960255017,S3-955423980
S1-466641145	S2-529863754,S2-120427855,S2-173720137,S2-430674980,S2-676368068,S2-60521590,S2-687518664,S2-257820483,S2-217900075,S2-329568837,S2-460302479,S2-666192613,S2-466318656,S2-942112496,S2-473823281,S2-125539487,S2-324814113,S2-103726006,S2-524884377,S2-678827984,S3-750527139,S3-761081103,S3-125143148,S3-665430758,S3-38148457,S3-622597517,S3-707815056,S3-39962845,S3-326829264,S3-536111343,S3-200532536,S3-630598758,S3-944172031,S3-734723095,S3-88046024,S3-676366558,S3-62706682,S3-749049376,S3-976318016,S3-729565934
S1-99245709	S2-207454865,S2-259131808,S2-640233717,S2-274405595,S2-679498830,S2-818332935,S2-572747167,S2-107262921,S2-343638453,S2-292152485,S2-261787973,S2-279875257,S2-545211751,S2-587025147,S2-500623144,S2-644019880,S2-625862684,S2-190627117,S2-510379475,S2-97125385,S3-727208943,S3-258612024,S3-168440805,S3-780604171,S3-85933029,S3-144570929,S3-927210598,S3-108585841,S3-261202829,S3-600517162,S3-53007035,S3-166370326,S3-434699992,S3-412224034,S3-384017458,S3-287436167,S3-92692166,S3-384818605,S3-941031986,S3-126070118
S1-339015166	S2-826263871,S2-296366839,S2-33018402,S2-94093616,S2-553950303,S2-232221012,S2-762541697,S2-939344974,S2-583290395,S2-459086059,S2-675656572,S2-352084832,S2-385134327,S2-98982738,S2-622584266,S2-164983658,S2-480158827,S2-525621964,S2-857645804,S2-49187443,S3-440143686,S3-256731383,S3-871727436,S3-972884548,S3-605354562,S3-43574482,S3-111435373,S3-265131379,S3-217862142,S3-145393312,S3-503108205,S3-494273983,S3-470196650,S3-170098011,S3-164801824,S3-761343028,S3-312939991,S3-696156090,S3-617878664,S3-67545593
S1-614259237	S2-486356063,S2-998995214,S2-244698568,S2-631477571,S2-893780823,S2-238455447,S2-611266327,S2-892923204,S2-207134386,S2-139790355,S2-843661889,S2-452898435,S2-599045448,S2-333160718,S2-785664388,S2-115242180,S2-971878645,S2-179727257,S2-217238999,S2-638268338,S3-845943283,S3-456242770,S3-635826736,S3-934516908,S3-734988689,S3-209162351,S3-8767041,S3-468495143,S3-129328008,S3-593183388,S3-872429438,S3-769640178,S3-557827618,S3-166135217,S3-700022633,S3-298755496,S3-243484667,S3-640695336,S3-571682439,S3-37064208
S1-385801270	S2-179380437,S2-68825976,S2-12927066,S2-795664994,S2-576153328,S2-418483644,S2-156552749,S2-260794285,S2-671788102,S2-315914893,S2-161721121,S2-62914675,S2-909787336,S2-904181183,S2-589194842,S2-60326144,S2-349799608,S2-881331999,S2-959254983,S2-925480644,S3-339931700,S3-241419187,S3-789105350,S3-319754807,S3-623530195,S3-718744909,S3-2681180,S3-370854324,S3-554074334,S3-451860021,S3-669234635,S3-754808599,S3-986260414,S3-956203485,S3-187309809,S3-270279909,S3-466565920,S3-624740436,S3-768678850,S3-645362908
S1-334672926	S2-577851123,S2-563797179,S2-4062554,S2-466121610,S2-229798641,S2-158181663,S2-243808682,S2-595096852,S2-685552893,S2-996572237,S2-810859435,S2-296491616,S2-112332199,S2-360549470,S2-260578676,S2-732641367,S2-220629993,S2-576878239,S2-756026965,S2-209674847,S3-764447062,S3-292922455,S3-192779499,S3-27010318,S3-664539081,S3-548643460,S3-271742141,S3-638366056,S3-663714712,S3-146313953,S3-391588786,S3-276970812,S3-407864732,S3-40623345,S3-219482913,S3-369669237,S3-265127651,S3-523777238,S3-432033182,S3-754833724
S1-717749279	S2-91783047,S2-286731523,S2-844660399,S2-622111620,S2-959151553,S2-956194783,S2-117551142,S2-1888272,S2-580884489,S2-195679922,S2-285962837,S2-234709643,S2-886484824,S2-879573885,S2-234233670,S2-197757660,S2-251860012,S2-326541231,S2-790883248,S2-218724234,S3-469393386,S3-174497076,S3-533950000,S3-337599110,S3-104824913,S3-778547973,S3-459650342,S3-904908845,S3-19339829,S3-505685061,S3-861078163,S3-744367198,S3-636585142,S3-31628711,S3-598934174,S3-752929433,S3-581827040,S3-256713770,S3-694302301,S3-462381740
S1-564662660	S2-697767618,S2-706548751,S2-341861496,S2-390561860,S2-814056191,S2-352406402,S2-83775732,S2-186222453,S2-261227768,S2-369785818,S2-315678173,S2-827982690,S2-540194268,S2-173845451,S2-915680535,S2-584420029,S2-54342707,S2-398155221,S2-747285616,S2-584160493,S3-947057760,S3-798958162,S3-937901603,S3-661006315,S3-486301243,S3-954379233,S3-357229977,S3-135849373,S3-912082547,S3-988115547,S3-187339225,S3-544126199,S3-142568814,S3-341680554,S3-683088567,S3-130005890,S3-90247017,S3-774154355,S3-508197711,S3-936888058
S1-41643447	S2-644655973,S2-787825386,S2-97561703,S2-973964354,S2-390547027,S2-432791674,S2-479154694,S2-153590190,S2-389385108,S2-979096206,S2-953327222,S2-96379537,S2-127681328,S2-835130278,S2-956071320,S2-645838319,S2-118314203,S2-438489083,S2-185229668,S2-271158169,S3-7343218,S3-72291071,S3-989175078,S3-999812383,S3-574074201,S3-395796336,S3-393078708,S3-504763911,S3-105833231,S3-464456099,S3-376832785,S3-259802634,S3-867904765,S3-969826026,S3-698837339,S3-723755908,S3-839182033,S3-895068690,S3-725460638,S3-120258939
S1-581360597	S2-578854348,S2-120420573,S2-470333290,S2-249328236,S2-176063411,S2-926213828,S2-599365223,S2-233586234,S2-869546004,S2-802445465,S2-767553315,S2-91064584,S2-438594064,S2-616986080,S2-605475028,S2-51387770,S2-459952451,S2-665807208,S2-560622496,S2-187085703,S3-526876240,S3-692424940,S3-649834292,S3-493297431,S3-944044316,S3-68321827,S3-378727129,S3-574371493,S3-501178478,S3-440113927,S3-55764603,S3-206218001,S3-546291708,S3-764995258,S3-366259547,S3-487790426,S3-198663563,S3-933948651,S3-361986145,S3-978227545
S1-946184931	S2-177166041,S2-535234648,S2-963662297,S2-552252281,S2-43623386,S2-349128395,S2-644357527,S2-568490079,S2-909328040,S2-223996764,S2-512747180,S2-154190374,S2-645140403,S2-152857657,S2-108270710,S2-803049799,S2-467037836,S2-477823064,S2-178669947,S2-89663826,S3-503668901,S3-992996145,S3-986947265,S3-124944817,S3-22642642,S3-250552194,S3-589056677,S3-4203062,S3-383280263,S3-408956453,S3-393812032,S3-506213411,S3-76070936,S3-796306395,S3-232007750,S3-8441595,S3-47802917,S3-867086595,S3-673649051,S3-881842882
S1-244940399	S2-702406468,S2-69443333,S2-105254689,S2-34297275,S2-140420712,S2-925290574,S2-391568772,S2-288810441,S2-380727629,S2-971047782,S2-126300823,S2-723088853,S2-104250308,S2-132199628,S2-643358718,S2-456031210,S2-804170166,S2-202291881,S2-880095374,S2-311813718,S3-547433310,S3-237276677,S3-854128922,S3-329818500,S3-955503408,S3-279952,S3-547062141,S3-912225618,S3-565182127,S3-156891792,S3-303312064,S3-621267647,S3-712133863,S3-905545559,S3-448024502,S3-41649310,S3-767766339,S3-85854028,S3-270720815,S3-238477063
S1-616465752	S2-202340261,S2-912417703,S2-450476300,S2-42865733,S2-744054810,S2-6110033,S2-507332275,S2-667429416,S2-753713247,S2-819087568,S2-689016303,S2-825049655,S2-260630112,S2-604976451,S2-626612,S2-992255656,S2-297133466,S2-417207185,S2-394039568,S2-706023799,S3-270849173,S3-279172743,S3-366311053,S3-50181822,S3-571048119,S3-172391544,S3-903413330,S3-168100738,S3-773418680,S3-456436358,S3-325143670,S3-611663741,S3-154628206,S3-313137453,S3-324719159,S3-402388716,S3-93363345,S3-876606902,S3-96912919,S3-338787581
S1-762904067	S2-532378232,S2-978193459,S2-631088052,S2-969635136,S2-240947445,S2-393378258,S2-143289999,S2-985314510,S2-532991167,S2-749754768,S2-591655986,S2-934653449,S2-164411436,S2-284462419,S2-692066269,S2-861250096,S2-641933377,S2-671119196,S2-226359557,S2-646078621,S3-772934100,S3-242482810,S3-701971310,S3-423541227,S3-707120342,S3-714453823,S3-7207926,S3-378335881,S3-447917469,S3-399526928,S3-570273698,S3-462723300,S3-96071896,S3-466645260,S3-388713887,S3-440589045,S3-614540693,S3-236618048,S3-803086345,S3-271028931
S1-261476747	S2-334177900,S2-81256081,S2-632015763,S2-599535760,S2-194647062,S2-411735661,S2-804372925,S2-797832646,S2-655157217,S2-481207244,S2-584539052,S2-707825867,S2-632981984,S2-259935169,S2-861455586,S2-468540564,S2-343084525,S2-809443008,S2-625724763,S2-185509246,S3-608396300,S3-262422193,S3-931704031,S3-168406580,S3-584765379,S3-551844144,S3-880558356,S3-948767069,S3-107543312,S3-693039618,S3-192263409,S3-274338828,S3-650353743,S3-400356542,S3-65442473,S3-810060615,S3-915560653,S3-436995426,S3-134202745,S3-598934174
S1-874436225	S2-846508960,S2-700233887,S2-755291840,S2-915815993,S2-654124665,S2-467136296,S2-125154678,S2-846945459,S2-764631357,S2-357591430,S2-849850500,S2-277418860,S2-169345315,S2-614920067,S2-979550406,S2-984379193,S2-143218931,S2-374185952,S2-137722596,S2-723366124,S3-238568846,S3-866580997,S3-132722092,S3-145729614,S3-32387908,S3-175443554,S3-302516864,S3-397954251,S3-674234124,S3-608490660,S3-282774756,S3-597439500,S3-647681163,S3-533188670,S3-904517161,S3-233201952,S3-297725819,S3-909410581,S3-833434815,S3-702192442
S1-816918307	S2-802438769,S2-547496192,S2-176219321,S2-252665904,S2-207608932,S2-491137405,S2-569183399,S2-608282692,S2-963372878,S2-900571670,S2-6523777,S2-221800804,S2-769268513,S2-555292686,S2-493189574,S2-249946131,S2-620762671,S2-413305451,S2-670874062,S2-409835728,S3-859464079,S3-524210130,S3-813159602,S3-30764946,S3-530750848,S3-935646230,S3-775936416,S3-852440853,S3-995970117,S3-800419371,S3-923072194,S3-766882212,S3-73958887,S3-648514015,S3-338891196,S3-717005249,S3-140381205,S3-266246110,S3-998066711,S3-987595283
S1-52153457	S2-934653449,S2-164411436,S2-776115813,S2-837195716,S2-735350986,S2-996605554,S2-568013351,S2-453755879,S2-261501962,S2-939401759,S2-749754768,S2-671119196,S2-155995224,S2-631088052,S2-691296000,S2-284462419,S2-978193459,S2-143289999,S2-240947445,S2-499752072,S3-503022614,S3-714453823,S3-842491526,S3-378335881,S3-13001396,S3-263830720,S3-255150389,S3-931358398,S3-640220526,S3-146112334,S3-907162129,S3-614540693,S3-377395024,S3-822054535,S3-873843387,S3-411652215,S3-803086345,S3-271028931,S3-242482810,S3-707120342
S1-867332501	S2-476517994,S2-45980476,S2-367359524,S2-802139902,S2-257502243,S2-983485843,S2-163613686,S2-596391471,S2-870624493,S2-243953781,S2-149615437,S2-847317890,S2-972563306,S2-215602689,S2-808542221,S2-205655615,S2-317208504,S2-710759094,S2-628801419,S2-966217193,S3-990272974,S3-794561810,S3-433030934,S3-892798465,S3-764584652,S3-828552727,S3-979282129,S3-258975249,S3-740862441,S3-685503406,S3-906409447,S3-440398099,S3-182835720,S3-515959004,S3-305804314,S3-799706153,S3-742046371,S3-51136306,S3-972343990,S3-930259562
S1-969300060	S2-442767646,S2-49862523,S2-410801265,S2-736774235,S2-806392216,S2-651905339,S2-978987912,S2-542711036,S2-228506206,S2-458490059,S2-887507590,S2-64329714,S2-362717050,S2-162083239,S2-521338800,S2-870380796,S2-985328296,S2-213479928,S2-195946733,S2-400195462,S3-780626475,S3-411872979,S3-420754910,S3-551116384,S3-435464736,S3-87040830,S3-505802559,S3-110887374,S3-480343660,S3-859188792,S3-598392265,S3-862753957,S3-599752884,S3-546476000,S3-885067646,S3-774854286,S3-851471320,S3-927592877,S3-506554147,S3-346726503
S1-930501805	S2-348035426,S2-319466073,S2-491729969,S2-245755593,S2-820819917,S2-478834471,S2-814072692,S2-840686664,S2-134949537,S2-891895678,S2-79644984,S2-418963724,S2-807796410,S2-764916381,S2-906737682,S2-108197339,S2-251831343,S2-217223981,S2-241738933,S2-751255525,S3-189159408,S3-373725097,S3-566505302,S3-574748810,S3-720754323,S3-743895577,S3-475155205,S3-786661938,S3-984662175,S3-849661499,S3-771818502,S3-828012460,S3-766403888,S3-678423887,S3-190890227,S3-579528681,S3-156537725,S3-580000097,S3-190233639,S3-914503181
S1-474452362	S2-418085510,S2-519105199,S2-363080475,S2-545403249,S2-797034424,S2-863288810,S2-965929326,S2-422276940,S2-842455465,S2-426007255,S2-434244524,S2-953573364,S2-347314232,S2-85144335,S2-198893626,S2-23982271,S2-376011188,S2-331733497,S2-187096393,S2-260131700,S3-624231483,S3-723563745,S3-944976556,S3-64868920,S3-191115514,S3-943311709,S3-687266952,S3-628917408,S3-313353878,S3-748074853,S3-733725101,S3-908602349,S3-930549522,S3-557752056,S3-369429761,S3-140718131,S3-354580740,S3-909513648,S3-477375109,S3-77607870
S1-802731895	S2-119369314,S2-402714269,S2-553510214,S2-500690532,S2-238498535,S2-523622639,S2-815660913,S2-982874098,S2-321409000,S2-552014810,S2-176849954,S2-907512113,S2-794023455,S2-852298556,S2-606224920,S2-319267041,S2-517625965,S2-195598385,S2-780745492,S2-267535144,S3-166474783,S3-768013266,S3-250453655,S3-898305988,S3-515551240,S3-399101364,S3-220614352,S3-267792589,S3-867363732,S3-449750606,S3-377110283,S3-277191570,S3-873813067,S3-454758935,S3-19974736,S3-229912317,S3-273067178,S3-970063284,S3-83948463,S3-553198430
S1-39733947	S2-668003657,S2-946302052,S2-761740843,S2-678607409,S2-503462713,S2-36877023,S2-263120945,S2-464776473,S2-382746367,S2-513325216,S2-673841204,S2-926597840,S2-588803791,S2-870379421,S2-724578744,S2-394629152,S2-978665122,S2-697133366,S2-179705599,S2-900778126,S3-463520465,S3-317528341,S3-141015950,S3-828529434,S3-583305531,S3-300901896,S3-490981961,S3-372085852,S3-846732935,S3-445482340,S3-934036934,S3-425263573,S3-859552447,S3-717952466,S3-329930909,S3-214111305,S3-610677383,S3-795830067,S3-549558030,S3-744887402
S1-807424751	S2-792048005,S2-626929468,S2-309142747,S2-404436919,S2-806262591,S2-350723641,S2-535679954,S2-636426908,S2-403901838,S2-812146543,S2-446998933,S2-586906337,S2-474475305,S2-226000422,S2-5709083,S2-63273126,S2-903108512,S2-803775063,S2-202704712,S2-140559140,S3-980484989,S3-144784336,S3-478913193,S3-591353203,S3-831124266,S3-175489145,S3-908477075,S3-816166341,S3-262167067,S3-134229320,S3-252729037,S3-265046531,S3-913329144,S3-108303358,S3-444796912,S3-737872235,S3-755328107,S3-221586001,S3-701022911,S3-952944339
S1-269499779	S2-236502124,S2-511490226,S2-644742582,S2-426150414,S2-151829284,S2-623584914,S2-903513457,S2-195982060,S2-862624075,S2-531447111,S2-56923133,S2-160750767,S2-318096981,S2-480773024,S2-301501299,S2-24986701,S2-911642902,S2-748262974,S2-781915548,S2-882848533,S3-49888643,S3-409576918,S3-652379511,S3-463023353,S3-143617015,S3-737442488,S3-714024418,S3-936056802,S3-663174774,S3-462432921,S3-364861055,S3-309891012,S3-591335227,S3-343205595,S3-390603382,S3-815023772,S3-408028445,S3-58509659,S3-204862581,S3-182809268
S1-574528784	S2-23221967,S2-681129137,S2-804802066,S2-530027044,S2-291848662,S2-767973000,S2-873353134,S2-451952605,S2-433089521,S2-142293348,S2-932194705,S2-986891816,S2-30242438,S2-726602275,S2-864979545,S2-67751015,S2-297281647,S2-813913309,S2-413015824,S2-830784373,S3-863804812,S3-790769308,S3-575850065,S3-573482994,S3-57162897,S3-429285710,S3-78872148,S3-227910521,S3-791800606,S3-648791962,S3-484859638,S3-121196128,S3-175609958,S3-943337372,S3-325801803,S3-114227196,S3-334972211,S3-194604569,S3-51438687,S3-826018699
S1-402621048	S2-451677156,S2-869492269,S2-731868812,S2-115562911,S2-614472975,S2-292456091,S2-70948688,S2-425698283,S2-590384314,S2-525880026,S2-705800347,S2-339349630,S2-531068993,S2-271681337,S2-995496725,S2-626709174,S2-924094772,S2-198448715,S2-786491912,S2-349782384,S3-171280367,S3-612691229,S3-986739557,S3-50337221,S3-884473350,S3-202080169,S3-912483152,S3-628927426,S3-171351058,S3-315248122,S3-654762018,S3-409244003,S3-23295928,S3-260419415,S3-611038334,S3-730992687,S3-791987571,S3-872013487,S3-466227033,S3-823140747
S1-684202485	S2-658555204,S2-502577706,S2-488587790,S2-252357577,S2-113028239,S2-133043449,S2-726196608,S2-651479454,S2-55225145,S2-600947347,S2-476721040,S2-951998320,S2-318372707,S2-153165012,S2-730414002,S2-892595209,S2-287804241,S2-656423440,S2-803115494,S2-480421778,S3-278077802,S3-345363442,S3-971812485,S3-914141610,S3-599148155,S3-462954346,S3-643130095,S3-932362388,S3-356798078,S3-476686556,S3-650602551,S3-731481673,S3-310896472,S3-516425470,S3-294208174,S3-272219503,S3-194827762,S3-380089906,S3-938972349,S3-565366910
S1-85238196	S2-587178361,S2-909791065,S2-69467014,S2-450973550,S2-702572252,S2-742333680,S2-12195882,S2-13925585,S2-372153637,S2-96068662,S2-790507561,S2-614712353,S2-4470037,S2-629571061,S2-930240654,S2-582385959,S2-949958840,S2-623964562,S2-574598543,S2-137653324,S3-65281549,S3-687595266,S3-132801652,S3-693592464,S3-718580991,S3-521496466,S3-155892079,S3-307774530,S3-194928301,S3-70171754,S3-330691572,S3-51061221,S3-996272883,S3-683793652,S3-660686302,S3-489831241,S3-561165244,S3-601001414,S3-457708915,S3-820083235
S1-569369299	S2-272834296,S2-477076907,S2-90883746,S2-999944873,S2-585610563,S2-512169825,S2-592018357,S2-968256928,S2-2801380,S2-759414708,S2-718616529,S2-923451770,S2-722246594,S2-639459227,S2-355378370,S2-326899624,S2-391532098,S2-934099656,S2-808427861,S2-587513546,S3-301257514,S3-432004076,S3-785306303,S3-627231769,S3-202121629,S3-662565118,S3-811162048,S3-966015395,S3-332741627,S3-333052937,S3-774339907,S3-951751701,S3-434489196,S3-585710641,S3-210737726,S3-510359924,S3-927020464,S3-128417580,S3-656173093,S3-354847323
S1-559615219	S2-91615048,S2-921985481,S2-465552162,S2-417366450,S2-694467034,S2-970173081,S2-480340961,S2-898966549,S2-278802249,S2-862367208,S2-425925034,S2-506557616,S2-849098189,S2-956609737,S2-974763778,S2-302972238,S2-161474966,S2-707013140,S2-717068052,S2-647195790,S3-239637008,S3-83945806,S3-623721955,S3-137948956,S3-367686039,S3-25970933,S3-489470653,S3-672372364,S3-962656241,S3-111685811,S3-580084066,S3-67440799,S3-233297931,S3-475727086,S3-995664513,S3-605590373,S3-295402122,S3-929453903,S3-324929703,S3-470511026
S1-684318101	S2-934647917,S2-528048709,S2-879802083,S2-391532098,S2-737028370,S2-245956900,S2-718616529,S2-689550445,S2-676871560,S2-585610563,S2-722246594,S2-134400497,S2-63091158,S2-371010872,S2-204895581,S2-989476242,S2-356736099,S2-592018357,S2-737466817,S2-639459227,S3-937399143,S3-752707561,S3-790911062,S3-425548346,S3-345723933,S3-774339907,S3-217811611,S3-148090531,S3-309652747,S3-284311273,S3-83749988,S3-96958968,S3-702224620,S3-128417580,S3-441977033,S3-210737726,S3-671443118,S3-742533581,S3-50808015,S3-76033373
S1-503487168	S2-814268247,S2-874720845,S2-925049868,S2-108680526,S2-575003280,S2-556291706,S2-154488968,S2-504240781,S2-407282202,S2-593541268,S2-113094640,S2-186208794,S2-802395851,S2-923755234,S2-711321945,S2-753507114,S2-376843138,S2-639191734,S2-973459618,S2-732893907,S3-607305086,S3-703130649,S3-493263518,S3-717746605,S3-795382563,S3-783623195,S3-295209532,S3-991348616,S3-431969322,S3-955570190,S3-553123997,S3-181319095,S3-256038724,S3-80249058,S3-249612870,S3-263456985,S3-867152703,S3-155717596,S3-545844339,S3-67706668
S1-967139755	S2-673138977,S2-893707401,S2-20296315,S2-969083209,S2-649383997,S2-549664726,S2-917120616,S2-587691361,S2-664862069,S2-176460599,S2-533657049,S2-585685802,S2-166397583,S2-617213165,S2-722070634,S2-829878729,S2-137468128,S2-498685534,S2-619681271,S2-908744447,S3-526227621,S3-701022911,S3-731437205,S3-296651603,S3-429797955,S3-952944339,S3-456745373,S3-53796663,S3-920208922,S3-644665380,S3-464391993,S3-319124348,S3-167359410,S3-182021014,S3-643950764,S3-906822208,S3-603716415,S3-216402538,S3-908477075,S3-937854026
S1-983819279	S2-898278033,S2-572665197,S2-559151764,S2-541663918,S2-574213109,S2-314773426,S2-412749886,S2-477073381,S2-773873595,S2-947784266,S2-347839530,S2-66354294,S2-84473557,S2-562681078,S2-139729712,S2-682864165,S2-719118364,S2-507544755,S2-884119882,S2-753125951,S3-272828737,S3-20515362,S3-262970827,S3-356817222,S3-830056259,S3-452139483,S3-437312591,S3-343674904,S3-589489453,S3-318559536,S3-170584176,S3-589613152,S3-525250905,S3-384835400,S3-263851904,S3-900221638,S3-408625464,S3-304216379,S3-22714107,S3-922101683
S1-577269922	S2-596499554,S2-480545250,S2-228400832,S2-210791875,S2-960666794,S2-858498846,S2-562063913,S2-769708983,S2-114577372,S2-125094925,S2-792242593,S2-235808422,S2-59388278,S2-892453924,S2-381690307,S2-817096464,S2-762478687,S2-822280914,S2-656423440,S2-855154806,S3-332996148,S3-328253540,S3-896729549,S3-955554835,S3-943632660,S3-505766547,S3-495431815,S3-151173639,S3-129879169,S3-109958778,S3-316307606,S3-919652692,S3-540197726,S3-636461146,S3-70848679,S3-368439725,S3-793445529,S3-479550322,S3-959885905,S3-420974392
S1-87832748	S2-355378370,S2-103737875,S2-193242233,S2-132260715,S2-693228393,S2-824850781,S2-931636837,S2-850645284,S2-395671932,S2-344366294,S2-109926935,S2-140827328,S2-28080211,S2-808427861,S2-556404765,S2-431172890,S2-380367718,S2-953069630,S2-580567845,S2-407990681,S3-160961194,S3-884176566,S3-495716237,S3-447236069,S3-171973454,S3-934087460,S3-689534375,S3-175307813,S3-743551346,S3-366058287,S3-606768697,S3-211649020,S3-267650734,S3-697555481,S3-707051505,S3-281563160,S3-575450230,S3-189311961,S3-284591976,S3-473271250
S1-295346696	S2-409007322,S2-744092910,S2-822681145,S2-869919762,S2-471300498,S2-908572167,S2-288571937,S2-720019531,S2-964135117,S2-38041241,S2-324546780,S2-243346746,S2-186323318,S2-429270930,S2-857226482,S2-322200446,S2-778272158,S2-353152131,S2-229349696,S2-330578088,S3-739591793,S3-609100325,S3-41869002,S3-769885102,S3-253568336,S3-445918388,S3-650753324,S3-855928482,S3-376418561,S3-813037581,S3-238163431,S3-122144990,S3-215233969,S3-900112055,S3-276954703,S3-110007737,S3-936193479,S3-581781272,S3-203608044,S3-461821501
S1-252468250	S2-424685560,S2-851419824,S2-890166346,S2-483664236,S2-511325118,S2-199719349,S2-219081517,S2-259586092,S2-253948765,S2-40757259,S2-546413750,S2-580171629,S2-418297862,S2-875282236,S2-403270821,S2-550916245,S2-906594171,S2-788196668,S2-409073014,S2-454637476,S3-961620538,S3-200326376,S3-47754627,S3-873746204,S3-437919565,S3-23882359,S3-750080099,S3-291331482,S3-575416059,S3-238462335,S3-302904378,S3-478838547,S3-965232619,S3-4032151,S3-366109238,S3-486538431,S3-325259988,S3-472452073,S3-308342443,S3-565546843
S1-781801397	S2-606274749,S2-289561899,S2-792175945,S2-808968574,S2-554379842,S2-617587787,S2-287056624,S2-775834761,S2-74912632,S2-950221059,S2-254520343,S2-600082969,S2-717552019,S2-593430147,S2-977747298,S2-829911136,S2-903042012,S2-748140504,S2-348338194,S2-84727154,S3-363665863,S3-714054761,S3-809227968,S3-571306051,S3-972514040,S3-139689845,S3-288578496,S3-725569924,S3-962890967,S3-538147928,S3-111780978,S3-373380360,S3-544576653,S3-98685182,S3-467050341,S3-599414042,S3-878758658,S3-514288089,S3-213411221,S3-993545809
S1-669434847	S2-142528141,S2-414017322,S2-451075753,S2-936408136,S2-183781829,S2-1718254,S2-144140225,S2-794675687,S2-991340910,S2-482520062,S2-201719837,S2-985004792,S2-629444167,S2-4011791,S2-860330134,S2-270552379,S2-282814499,S2-373852729,S2-336505060,S2-242643000,S3-690145089,S3-826340882,S3-757435582,S3-861132193,S3-277721034,S3-485099465,S3-319025505,S3-179668499,S3-907435439,S3-404962708,S3-642112996,S3-35954561,S3-372262965,S3-821998947,S3-386935117,S3-538600421,S3-622232792,S3-537057992,S3-573001788,S3-176796094
S1-570053103	S2-420617297,S2-643358718,S2-73971417,S2-686535448,S2-566456521,S2-174322448,S2-829537282,S2-105254689,S2-316373658,S2-126300823,S2-586597229,S2-702406468,S2-50524803,S2-34297275,S2-242727236,S2-202291881,S2-140420712,S2-232586917,S2-132199628,S2-380727629,S3-792671879,S3-118589657,S3-69466543,S3-737639982,S3-157588710,S3-767766339,S3-3160005,S3-385258684,S3-283011793,S3-954632530,S3-788883176,S3-133651765,S3-481997646,S3-609933190,S3-14562505,S3-664774958,S3-51514182,S3-731245361,S3-329981915,S3-126494435
S1-736469556	S2-367560858,S2-77639793,S2-498527838,S2-857311949,S2-649103744,S2-536893549,S2-941618718,S2-797203067,S2-379225019,S2-427313552,S2-882548317,S2-919315663,S2-399669447,S2-365338688,S2-671689106,S2-25603252,S2-377040108,S2-979138883,S2-426848224,S2-206757301,S3-625961863,S3-927881041,S3-128915352,S3-651648339,S3-757331862,S3-868134950,S3-720915882,S3-420355541,S3-177508527,S3-890237527,S3-264729325,S3-818491643,S3-64669969,S3-975823346,S3-15281092,S3-135912001,S3-35378761,S3-346864751,S3-981142977,S3-583771140
S1-483126440	S2-265013845,S2-940810751,S2-398898639,S2-46251183,S2-194780367,S2-675089736,S2-128112827,S2-381027570,S2-515388310,S2-684535262,S2-16371592,S2-275270455,S2-889918513,S2-436781854,S2-86294606,S2-767196124,S2-141238932,S2-981035231,S2-369600726,S2-440910055,S3-660240039,S3-783154438,S3-479140661,S3-443024308,S3-168769509,S3-62237303,S3-66230358,S3-755324329,S3-21047356,S3-962999397,S3-866191475,S3-165000126,S3-319094923,S3-288590659,S3-443779192,S3-690700349,S3-349957292,S3-382669926,S3-5049219,S3-337522676
S1-270951405	S2-633185657,S2-335644017,S2-562299673,S2-907810221,S2-152982672,S2-525515063,S2-999770786,S2-402716120,S2-220191670,S2-178104474,S2-425650737,S2-36518115,S2-465574609,S2-566848302,S2-838697915,S2-110742572,S2-937865505,S2-991960572,S2-578696051,S2-835924702,S3-69832176,S3-956326101,S3-547906815,S3-597938537,S3-666203448,S3-280079740,S3-505869163,S3-201407339,S3-427185605,S3-466001052,S3-741952933,S3-636217577,S3-289349995,S3-521921590,S3-282786781,S3-101904473,S3-747949423,S3-80555062,S3-867233193,S3-567284016
S1-520799361	S2-372383814,S2-680487416,S2-253627810,S2-500592920,S2-608828960,S2-518582660,S2-188894476,S2-691829460,S2-371352934,S2-327734568,S2-435313319,S2-229490354,S2-928171779,S2-93937019,S2-61912978,S2-621313018,S2-164086915,S2-946679445,S2-48835587,S2-454289311,S3-83670032,S3-571402344,S3-244937340,S3-755522664,S3-678235512,S3-49368335,S3-498049278,S3-397829203,S3-543088599,S3-746921373,S3-537850899,S3-697777240,S3-901859432,S3-49766610,S3-790687673,S3-734821598,S3-710381756,S3-655604624,S3-376286566,S3-120316299
S1-81033582	S2-803189444,S2-390533432,S2-144041506,S2-555416193,S2-109120952,S2-539314343,S2-523971117,S2-474177298,S2-97935949,S2-943135226,S2-915020741,S2-171968922,S2-397509680,S2-610019948,S2-411407927,S2-769124073,S2-708949144,S2-545388792,S2-817771529,S2-999548180,S3-730893343,S3-109650276,S3-747368609,S3-369125677,S3-595243108,S3-514062471,S3-716912871,S3-618870695,S3-238370420,S3-204502098,S3-983812890,S3-91665619,S3-449062043,S3-497217035,S3-184433626,S3-230316286,S3-790613722,S3-415828866,S3-254382927,S3-756029091
S1-56410032	S2-371153547,S2-793378361,S2-321446922,S2-774940619,S2-482171281,S2-689543554,S2-959015092,S2-24017245,S2-960031754,S2-526548724,S2-906633662,S2-895992482,S2-222993917,S2-622967853,S2-350375421,S2-505768532,S2-302800954,S2-991504357,S2-165400470,S2-461642633,S3-387275929,S3-584544304,S3-739593807,S3-571260681,S3-681686939,S3-885879083,S3-993653125,S3-953615282,S3-715252751,S3-47365271,S3-709685407,S3-36585545,S3-74945654,S3-492385472,S3-337256424,S3-82758255,S3-39115533,S3-807923077,S3-947841255,S3-309561237
S1-518847572	S2-87830401,S2-308151671,S2-71943536,S2-217622525,S2-368483550,S2-557722246,S2-785746031,S2-378353934,S2-332053988,S2-175562534,S2-21645518,S2-592900290,S2-327903485,S2-240687382,S2-227314709,S2-1734121,S2-722178367,S2-799748806,S2-241569777,S2-66631280,S3-404004633,S3-24654796,S3-910268323,S3-505997632,S3-556275729,S3-676274168,S3-133695874,S3-996303827,S3-762858573,S3-514925081,S3-740403612,S3-375305147,S3-65180753,S3-694625837,S3-906885791,S3-488555385,S3-323021460,S3-36753388,S3-773711855,S3-572130571
S1-776267063	S2-220178850,S2-960402400,S2-549064643,S2-569403337,S2-384223416,S2-362618978,S2-91222116,S2-971885347,S2-265722826,S2-765294441,S2-963387733,S2-14833563,S2-358396633,S2-502078035,S2-766721844,S2-736753207,S2-773388064,S2-783392194,S2-547059865,S2-393945320,S3-163593980,S3-779679622,S3-850011953,S3-852791044,S3-506554147,S3-876323177,S3-881004538,S3-943916703,S3-514529646,S3-939668668,S3-895406650,S3-600165323,S3-759071755,S3-606960520,S3-124948243,S3-602532064,S3-579614028,S3-723869790,S3-696457225,S3-205245488
S1-35309228	S2-236486600,S2-139193275,S2-539328468,S2-162462186,S2-869408675,S2-287559560,S2-345701197,S2-529024396,S2-203390786,S2-434947124,S2-841849944,S2-618350432,S2-98410580,S2-898130491,S2-702588841,S2-977140870,S2-750042518,S2-359764492,S2-641567965,S2-737761124,S3-224490349,S3-372045772,S3-425000228,S3-495136518,S3-504098534,S3-12789377,S3-878782457,S3-562188415,S3-223979559,S3-639075633,S3-585414634,S3-326241386,S3-304658470,S3-521627926,S3-105306157,S3-207109420,S3-815662862,S3-149072483,S3-418245470,S3-919058692
S1-493139457	S2-946072848,S2-765715070,S2-232178094,S2-224128566,S2-405256834,S2-48456517,S2-710755246,S2-775645732,S2-413110201,S2-816159675,S2-847525230,S2-646969997,S2-760152848,S2-266010026,S2-109448412,S2-858510706,S2-928208066,S2-45892249,S2-754632405,S2-298642925,S3-613967950,S3-387637873,S3-992571709,S3-252988354,S3-662151146,S3-124504221,S3-567691471,S3-509349579,S3-73735627,S3-781659071,S3-973140508,S3-692515774,S3-130614843,S3-509086279,S3-189656635,S3-124044603,S3-829668623,S3-896278285,S3-475233365,S3-928427614
S1-895087526	S2-582941382,S2-120123101,S2-442272503,S2-905830955,S2-832979530,S2-859790502,S2-697183245,S2-619262991,S2-132001975,S2-458572579,S2-844678678,S2-317183088,S2-595302814,S2-883405648,S2-912295292,S2-326004012,S2-694283742,S2-343995110,S2-315517780,S2-409888776,S3-438853019,S3-712453793,S3-919398167,S3-86306991,S3-751196372,S3-780076235,S3-446711063,S3-244849476,S3-857641927,S3-716556192,S3-9889402,S3-934711787,S3-492309152,S3-973510151,S3-79707850,S3-672074041,S3-84163564,S3-311662116,S3-581636508,S3-376580051
S1-829126727	S2-933588110,S2-335853669,S2-995144997,S2-911221562,S2-462273663,S2-586059732,S2-765677324,S2-762091119,S2-858012069,S2-215980758,S2-772700123,S2-758856142,S2-885402171,S2-784818457,S2-731198634,S2-473552169,S2-302140384,S2-814553631,S2-616525368,S2-218053979,S3-413159834,S3-428901833,S3-380263221,S3-106880923,S3-506352190,S3-417417798,S3-297248232,S3-885777662,S3-924461352,S3-758298521,S3-157339874,S3-163712595,S3-74669089,S3-952599017,S3-464881980,S3-519410368,S3-162372472,S3-388113889,S3-94344001,S3-485783003
S1-457973373	S2-773388064,S2-986215272,S2-737981941,S2-726539574,S2-40752872,S2-971885347,S2-51387933,S2-284559537,S2-783392194,S2-756019287,S2-402075700,S2-207791381,S2-765294441,S2-690393517,S2-191613424,S2-800542765,S2-727514379,S2-922087465,S2-774986751,S2-308730782,S3-867050601,S3-602532064,S3-371911416,S3-110193234,S3-568797499,S3-606960520,S3-687471713,S3-110129094,S3-734465936,S3-69911190,S3-509146473,S3-95741339,S3-696457225,S3-480339508,S3-626357277,S3-888758569,S3-420433413,S3-91566872,S3-571173193,S3-633885052
S1-74852342	S2-918773539,S2-636275568,S2-508252114,S2-351325012,S2-149852320,S2-575432786,S2-628755358,S2-233516408,S2-240825627,S2-554648571,S2-335565564,S2-312512268,S2-143610967,S2-153289487,S2-149658001,S2-36242423,S2-558187051,S2-513824978,S2-611928751,S2-755866857,S3-697250857,S3-984455002,S3-982377947,S3-144849095,S3-433821912,S3-265978307,S3-925928023,S3-668629842,S3-737535353,S3-906176808,S3-890843575,S3-530865282,S3-8972111,S3-150795540,S3-453368959,S3-239638476,S3-595114725,S3-776049557,S3-295493268,S3-853090776
S1-280936763	S2-268662251,S2-746347448,S2-164049727,S2-151306337,S2-878884039,S2-891600450,S2-82257662,S2-91021671,S2-557969803,S2-431914516,S2-752005934,S2-97396949,S2-3170985,S2-478735617,S2-641231429,S2-56240800,S2-333048025,S2-339365830,S2-243442442,S2-572250288,S3-241307377,S3-840497128,S3-654741812,S3-511384152,S3-637518624,S3-838433771,S3-626553939,S3-379778299,S3-368650720,S3-760352668,S3-513365562,S3-176122147,S3-572030729,S3-240722550,S3-170310572,S3-537084161,S3-368104334,S3-866811231,S3-534039870,S3-110623964
S1-999165514	S2-728781026,S2-548117646,S2-785898835,S2-254766595,S2-809772401,S2-60570370,S2-456972727,S2-418345718,S2-688270697,S2-480715768,S2-779040268,S2-674558950,S2-198799698,S2-450448152,S2-286270399,S2-905453386,S2-270128072,S2-676593745,S2-158938987,S2-804834749,S3-587813474,S3-103135657,S3-331163144,S3-481353226,S3-317334742,S3-372150037,S3-657882295,S3-768739468,S3-244375394,S3-882337282,S3-410917043,S3-254751169,S3-277015423,S3-737403998,S3-113338559,S3-319655146,S3-318003297,S3-725537552,S3-434023234,S3-691363453
S1-395055615	S2-524287727,S2-691552163,S2-305113800,S2-904059743,S2-443044132,S2-440586145,S2-189306822,S2-61211378,S2-227065501,S2-606465195,S2-600907660,S2-335591348,S2-814283248,S2-345787204,S2-358403517,S2-73252734,S2-399853895,S2-224855955,S2-806627099,S2-273287294,S3-76098836,S3-138021435,S3-984929729,S3-576663685,S3-458555257,S3-239028995,S3-841102088,S3-552779916,S3-509816410,S3-291318269,S3-235447011,S3-746039513,S3-576814111,S3-392936042,S3-752539799,S3-414579070,S3-302700508,S3-804841923,S3-850159371,S3-279703497
S1-862701045	S2-606100572,S2-210262787,S2-118374737,S2-385066466,S2-306589586,S2-686803202,S2-121162574,S2-331959585,S2-568914388,S2-860947028,S2-122532904,S2-676936328,S2-53851580,S2-636497341,S2-753519154,S2-952911724,S2-305879325,S2-944918365,S2-872024147,S2-479511,S3-294467989,S3-70593125,S3-909141698,S3-696445514,S3-409218014,S3-854629248,S3-699115862,S3-94920424,S3-720567584,S3-618283320,S3-393258326,S3-547613965,S3-92012215,S3-333253188,S3-774518830,S3-448769253,S3-927354334,S3-438834586,S3-771131070,S3-930217809
S1-674871004	S2-383982924,S2-931403538,S2-273318454,S2-883819340,S2-686382968,S2-109384507,S2-954985785,S2-855556579,S2-260629268,S2-897051486,S2-623332015,S2-568631985,S2-914966490,S2-646654642,S2-979121452,S2-947522161,S2-738041764,S2-519869304,S2-337919691,S2-600867676,S3-916186113,S3-311529301,S3-488830012,S3-648059842,S3-505677840,S3-57277884,S3-40407022,S3-354939845,S3-144795237,S3-338933501,S3-186494557,S3-383218994,S3-366610971,S3-93901134,S3-362006003,S3-358144277,S3-817078811,S3-152771116,S3-341813132,S3-676444527
S1-287307821	S2-690747373,S2-853658588,S2-686644501,S2-642433869,S2-268243483,S2-380057434,S2-587764979,S2-628882694,S2-162994727,S2-940684047,S2-625996612,S2-416991624,S2-873321080,S2-700776216,S2-458572579,S2-409888776,S2-346290042,S2-122216955,S2-534896155,S2-77030412,S3-244849476,S3-857641927,S3-86306991,S3-751196372,S3-460948462,S3-577696559,S3-172851628,S3-186638392,S3-249444582,S3-572026225,S3-673954765,S3-297445000,S3-5349336,S3-275861754,S3-936999685,S3-9889402,S3-449514218,S3-741540351,S3-716556192,S3-383600526
S1-273768056	S2-484060555,S2-626612,S2-293277210,S2-992255656,S2-667429416,S2-202340261,S2-187774246,S2-885184685,S2-753713247,S2-686410143,S2-604976451,S2-6110033,S2-706023799,S2-3876770,S2-100287528,S2-42865733,S2-825049655,S2-450476300,S2-456137626,S2-255716908,S3-50181822,S3-96912919,S3-366311053,S3-279172743,S3-168100738,S3-571048119,S3-834921847,S3-402388716,S3-995734768,S3-75713356,S3-93363345,S3-590648866,S3-324938234,S3-876606902,S3-157769318,S3-803619512,S3-719071759,S3-458082786,S3-458717446,S3-682396844
S1-323395452	S2-340646591,S2-501211852,S2-94557212,S2-72858303,S2-814553631,S2-583776248,S2-692484573,S2-251677157,S2-817549316,S2-404850807,S2-457753565,S2-225520702,S2-812162842,S2-162997596,S2-57055668,S2-434164436,S2-632838411,S2-621735054,S2-532344738,S2-414255179,S3-240213533,S3-687020283,S3-224794053,S3-700271434,S3-245557175,S3-4737266,S3-319333823,S3-989801447,S3-901679358,S3-412423533,S3-574794040,S3-487529713,S3-177756511,S3-920956777,S3-625054514,S3-882371489,S3-798830497,S3-351848971,S3-170327936,S3-252360479
S1-4144001	S2-289679829,S2-630416359,S2-610064974,S2-225984835,S2-163241838,S2-98896928,S2-281743475,S2-320836816,S2-39052064,S2-950406636,S2-612751351,S2-424842060,S2-800377771,S2-413657180,S2-145749559,S2-203820429,S2-133375068,S2-831809006,S2-584230800,S2-376162044,S3-752575645,S3-112999290,S3-380960610,S3-327504723,S3-578590305,S3-686986580,S3-153102111,S3-907609072,S3-406395884,S3-873801495,S3-928762790,S3-610677383,S3-851814886,S3-105447152,S3-447191655,S3-521318588,S3-254995149,S3-344679911,S3-824892058,S3-354481414
S1-512210875	S2-515713077,S2-340727012,S2-336078551,S2-586202409,S2-691848243,S2-240516479,S2-109309630,S2-345787204,S2-73252734,S2-853723927,S2-524287727,S2-180671847,S2-335591348,S2-287442231,S2-866927978,S2-904059743,S2-560391334,S2-305113800,S2-481592971,S2-240651016,S3-148899957,S3-821734885,S3-171422309,S3-883971307,S3-95207390,S3-954032722,S3-855466681,S3-109831404,S3-992806420,S3-883002508,S3-219940707,S3-183348383,S3-411235385,S3-126487944,S3-45964738,S3-84704672,S3-127530803,S3-950717647,S3-521033676,S3-301397052
S1-143287441	S2-692066269,S2-143289999,S2-949460950,S2-671119196,S2-412904530,S2-978193459,S2-749754768,S2-861250096,S2-631088052,S2-934653449,S2-532991167,S2-148864599,S2-164411436,S2-491168388,S2-240947445,S2-996605554,S2-337650225,S2-652157698,S2-284462419,S2-825538751,S3-842491526,S3-395622166,S3-378335881,S3-757946916,S3-772934100,S3-931358398,S3-105059948,S3-698401593,S3-405836558,S3-481451268,S3-7207926,S3-271028931,S3-326380098,S3-707120342,S3-114352248,S3-377161303,S3-388713887,S3-614540693,S3-343795523,S3-379442532
S1-351656683	S2-237113366,S2-631643481,S2-238288994,S2-726130868,S2-467354534,S2-766901719,S2-617186571,S2-481866261,S2-253365460,S2-578277425,S2-816504053,S2-219521540,S2-428616464,S2-278976022,S2-807893594,S2-155210940,S2-567642445,S2-506889414,S2-426531677,S2-27865615,S3-745480329,S3-196520283,S3-303284592,S3-537370920,S3-721043834,S3-602420532,S3-899716627,S3-655045385,S3-275777581,S3-109576328,S3-623360809,S3-560279243,S3-962942700,S3-936553552,S3-627751510,S3-818512329,S3-752929433,S3-915560653,S3-207370127,S3-205567960
S1-83258310	S2-119310635,S2-992255656,S2-100287528,S2-623960203,S2-753713247,S2-878037834,S2-799710062,S2-484060555,S2-604976451,S2-474435815,S2-592085771,S2-667429416,S2-3876770,S2-293277210,S2-343041009,S2-995631959,S2-612591290,S2-255716908,S2-230370029,S2-706023799,S3-719071759,S3-802944472,S3-75713356,S3-590648866,S3-168100738,S3-324938234,S3-157769318,S3-96912919,S3-571048119,S3-995734768,S3-90718718,S3-458082786,S3-261139188,S3-93363345,S3-366311053,S3-50181822,S3-402388716,S3-458717446,S3-279172743,S3-932317779
S1-126274111	S2-775330636,S2-243364039,S2-992883489,S2-369259782,S2-358878256,S2-348037856,S2-736064548,S2-732018731,S2-19831491,S2-204964383,S2-722716391,S2-466713273,S2-676900134,S2-426704259,S2-337364878,S2-139337793,S2-717563623,S2-35288211,S2-901000480,S2-435279979,S3-972121366,S3-606828772,S3-417842250,S3-327397376,S3-839934108,S3-483184042,S3-912469730,S3-38688151,S3-932836640,S3-235731414,S3-635519763,S3-454504408,S3-481751910,S3-933470917,S3-814635808,S3-507161379,S3-509650543,S3-158186156,S3-186386740,S3-913382030
S1-991875825	S2-244961784,S2-562745995,S2-566189514,S2-659060555,S2-688685446,S2-878786489,S2-849453365,S2-539325349,S2-984945973,S2-183602460,S2-283513686,S2-830032513,S2-552480060,S2-423169595,S2-868794655,S2-299829902,S2-937935977,S2-699016702,S2-478521892,S2-338767751,S3-698394120,S3-904293301,S3-152162011,S3-878680944,S3-369637799,S3-628025761,S3-760889763,S3-548674778,S3-857293945,S3-878389502,S3-991158706,S3-596490322,S3-915129705,S3-998515603,S3-15908992,S3-26474898,S3-912412856,S3-334241337,S3-777257760,S3-301781369
S1-219350089	S2-489411367,S2-561462474,S2-459157971,S2-631478142,S2-465849879,S2-1240491,S2-363257884,S2-605897403,S2-709403238,S2-513742281,S2-436820470,S2-182457061,S2-338328567,S2-632252306,S2-804376221,S2-148464133,S2-112176830,S2-519059543,S2-204166462,S2-577101665,S3-954295435,S3-521317798,S3-84458866,S3-586684390,S3-982916620,S3-352500899,S3-161371994,S3-323007511,S3-125036020,S3-261323282,S3-503595798,S3-602941650,S3-818508524,S3-201030055,S3-837589620,S3-680922682,S3-604841526,S3-443129173,S3-907612264,S3-216718370
S1-476026008	S2-29468489,S2-545780191,S2-111551361,S2-257671681,S2-441851822,S2-579736034,S2-664309210,S2-820152143,S2-706320436,S2-75064447,S2-665807208,S2-63154920,S2-436287128,S2-438218444,S2-903358057,S2-744698368,S2-642750350,S2-257520714,S2-653906407,S2-459952451,S3-369553132,S3-110180869,S3-966568687,S3-67275236,S3-945895251,S3-205776925,S3-893033069,S3-376335335,S3-578229447,S3-324792015,S3-759637081,S3-70770014,S3-30272996,S3-685278914,S3-969007918,S3-132313994,S3-581130056,S3-978227545,S3-689345810,S3-560309214
S1-595583207	S2-654086044,S2-913099053,S2-346094484,S2-267764375,S2-884050157,S2-773792198,S2-656074162,S2-140187734,S2-836414680,S2-781399463,S2-593069089,S2-878080964,S2-306831918,S2-460505146,S2-304487634,S2-201612263,S2-201026506,S2-302418672,S2-817215507,S2-484690896,S3-421329794,S3-16008406,S3-528724463,S3-496557025,S3-233733873,S3-684924585,S3-116757350,S3-240224037,S3-64610730,S3-387935541,S3-219910786,S3-779030805,S3-121331092,S3-17287532,S3-544686218,S3-794094645,S3-344620593,S3-954936123,S3-877990730,S3-977827162
S1-660977005	S2-703085578,S2-350856009,S2-101737789,S2-224176,S2-849509385,S2-822263206,S2-235325225,S2-498087914,S2-541964467,S2-580916055,S2-567557396,S2-403162570,S2-785306153,S2-26511784,S2-685396460,S2-844502848,S2-473118859,S2-441788313,S2-577070082,S2-523280187,S3-779199417,S3-391375042,S3-926036876,S3-606404587,S3-656646205,S3-760143860,S3-167344968,S3-782282971,S3-236254111,S3-798438105,S3-782363652,S3-327641756,S3-830011213,S3-263638254,S3-423974499,S3-728047690,S3-258370932,S3-621698790,S3-389494878,S3-12553974
S1-106130112	S2-961615370,S2-286961578,S2-589948773,S2-704436264,S2-319851055,S2-50245456,S2-288235432,S2-687972061,S2-767473440,S2-11497933,S2-443731996,S2-567800927,S2-951415889,S2-872335214,S2-628154114,S2-374478891,S2-539203832,S2-317937634,S2-763230362,S2-910691607,S3-107847451,S3-940782564,S3-264911159,S3-532311439,S3-936756918,S3-131007131,S3-650492919,S3-781695214,S3-910680351,S3-394599244,S3-574189574,S3-938430987,S3-683743775,S3-580208794,S3-590372786,S3-677098350,S3-19593795,S3-245696455,S3-657380521,S3-659185806
S1-383508132	S2-859293730,S2-417288467,S2-976563687,S2-54070460,S2-241572649,S2-281207455,S2-494688754,S2-974838439,S2-545123347,S2-710830158,S2-676381373,S2-880888575,S2-198422126,S2-632779407,S2-714486407,S2-721273162,S2-370900572,S2-790851315,S2-593900732,S2-163488566,S3-163965662,S3-234659501,S3-344953846,S3-138738397,S3-301295997,S3-876328887,S3-598041925,S3-965712530,S3-19838300,S3-744989668,S3-213543399,S3-857937906,S3-139824460,S3-163458967,S3-330174087,S3-970496608,S3-173314585,S3-842685682,S3-418505142,S3-146249420
S1-960747316	S2-879077781,S2-626456867,S2-201121438,S2-265573676,S2-73167942,S2-854371975,S2-7197621,S2-673468797,S2-964124721,S2-264017036,S2-403476558,S2-13242250,S2-267010722,S2-177195712,S2-954201970,S2-450297421,S2-218163632,S2-732595364,S2-192737333,S2-451691323,S3-443621119,S3-449543360,S3-18265349,S3-402051873,S3-924937149,S3-884129326,S3-6203900,S3-303309486,S3-577603916,S3-249239902,S3-835661716,S3-737363811,S3-770247987,S3-588288342,S3-342825321,S3-136204267,S3-489941683,S3-926906242,S3-264218330,S3-418487398
S1-78181547	S2-876885704,S2-348947774,S2-608721534,S2-737755858,S2-943305547,S2-16149207,S2-14003595,S2-149077138,S2-990337075,S2-596337364,S2-663471533,S2-563856141,S2-252251189,S2-770986354,S2-784744321,S2-156596087,S2-433300334,S2-299794715,S2-222958423,S2-22921534,S3-367029958,S3-962169593,S3-939718474,S3-355440384,S3-502678206,S3-525098537,S3-891350065,S3-360013163,S3-508408578,S3-802024510,S3-948318989,S3-953376357,S3-333543278,S3-641779866,S3-124437490,S3-236616693,S3-646804097,S3-513057872,S3-43346052,S3-935050981
S1-44674670	S2-612190479,S2-86485020,S2-164049727,S2-198799698,S2-557969803,S2-746347448,S2-268662251,S2-894042897,S2-819402155,S2-3170985,S2-546508117,S2-752005934,S2-891600450,S2-418345718,S2-444510772,S2-151306337,S2-414873797,S2-82257662,S2-431914516,S2-56240800,S3-627153369,S3-371390675,S3-513365562,S3-581697848,S3-978563517,S3-637518624,S3-379778299,S3-626553939,S3-535093933,S3-862580225,S3-152042001,S3-662330300,S3-882337282,S3-219298440,S3-537084161,S3-110623964,S3-691363453,S3-902791299,S3-654741812,S3-241307377
S1-712639027	S2-345148258,S2-54621999,S2-417175737,S2-377032895,S2-325637062,S2-42110101,S2-954394454,S2-983240000,S2-43305732,S2-303791329,S2-415897985,S2-253674303,S2-309210999,S2-781005088,S2-158763449,S2-446568547,S2-668226695,S2-229478482,S2-975549235,S2-247085744,S3-254957014,S3-145729614,S3-609510738,S3-282774756,S3-451397370,S3-302516864,S3-121890848,S3-190996769,S3-702192442,S3-820442431,S3-866580997,S3-227097784,S3-175443554,S3-458678280,S3-238568846,S3-793008679,S3-781208068,S3-545762589,S3-476791855,S3-203841473
S1-875777939	S2-120950889,S2-469242244,S2-413240982,S2-726746024,S2-306698280,S2-802064296,S2-333240726,S2-676271591,S2-261430830,S2-734879503,S2-472425660,S2-532810751,S2-516716998,S2-185942102,S2-580063373,S2-27103860,S2-17421482,S2-167075079,S2-952585777,S2-138184940,S3-279362937,S3-12731791,S3-790267881,S3-78936318,S3-48293620,S3-314158179,S3-252490892,S3-159075847,S3-526807073,S3-336782264,S3-867133569,S3-896662208,S3-225993069,S3-367832213,S3-147041102,S3-372752028,S3-713683194,S3-648791962,S3-728302984,S3-749389348
S1-906720062	S2-412969510,S2-355135493,S2-790080617,S2-258636086,S2-676390111,S2-612793834,S2-10952957,S2-468276093,S2-785409928,S2-546071752,S2-474052754,S2-830250358,S2-580129281,S2-845064896,S2-904581792,S2-330058157,S2-622156585,S2-968880515,S2-305791271,S2-45569233,S3-448378941,S3-948352578,S3-509997904,S3-966221742,S3-763389017,S3-999122472,S3-284848507,S3-715389618,S3-113412667,S3-479320850,S3-833919217,S3-53690135,S3-195051892,S3-315686003,S3-477355064,S3-763704952,S3-107051372,S3-388306232,S3-405870082,S3-905225948
S1-868609391	S2-551013498,S2-862214053,S2-380419750,S2-164889444,S2-176232960,S2-463002027,S2-508109808,S2-198490910,S2-317636270,S2-945038947,S2-692088364,S2-260705289,S2-796907334,S2-928703176,S2-722964847,S2-996031051,S2-430534420,S2-168222133,S2-742169755,S2-129027407,S3-768149648,S3-955931165,S3-521830371,S3-720157893,S3-6085532,S3-183070736,S3-88244626,S3-613135619,S3-968829571,S3-684045628,S3-150341788,S3-17793114,S3-81879634,S3-389237376,S3-65317174,S3-106599462,S3-310433228,S3-996005980,S3-695594100,S3-367321686
S1-842551642	S2-890787362,S2-991437555,S2-210702579,S2-757903279,S2-840144902,S2-450370205,S2-596856473,S2-559626508,S2-171371026,S2-424592770,S2-651509834,S2-381212931,S2-825158584,S2-878965273,S2-709205073,S2-827641179,S2-226995069,S2-625287883,S2-956677072,S2-438748930,S3-887371844,S3-477777318,S3-678081167,S3-643750430,S3-214260171,S3-18687549,S3-821077383,S3-477834139,S3-678303388,S3-939966502,S3-604691447,S3-669914233,S3-408217441,S3-250673509,S3-118086022,S3-880532265,S3-221148613,S3-171662170,S3-303322076,S3-189889195
S1-977549219	S2-439731977,S2-352424838,S2-250004427,S2-183551207,S2-35399559,S2-315802005,S2-620129805,S2-734527330,S2-443429163,S2-188248872,S2-276262305,S2-825445187,S2-53084416,S2-340957095,S2-429245631,S2-143372795,S2-800329077,S2-839020887,S2-288119932,S2-953793558,S3-281837290,S3-464942953,S3-793983156,S3-554561715,S3-963453977,S3-142164601,S3-313491143,S3-213043763,S3-87549972,S3-913909746,S3-352943320,S3-679255612,S3-762191017,S3-980465571,S3-505644942,S3-32242050,S3-355788951,S3-352673642,S3-507043143,S3-989669216
S1-345501851	S2-744054810,S2-933716949,S2-689016303,S2-995631959,S2-912417703,S2-825049655,S2-604976451,S2-266199249,S2-450476300,S2-42865733,S2-819087568,S2-3876770,S2-979771884,S2-407164040,S2-394039568,S2-507332275,S2-638439600,S2-6110033,S2-417207185,S2-667429416,S3-270849173,S3-773418680,S3-168100738,S3-458717446,S3-624003656,S3-29690396,S3-571048119,S3-338787581,S3-932317779,S3-154628206,S3-157769318,S3-277258945,S3-188040886,S3-834921847,S3-325143670,S3-611352301,S3-903413330,S3-313137453,S3-279172743,S3-611663741
S1-465557953	S2-515713077,S2-272174221,S2-340727012,S2-691848243,S2-133918321,S2-109309630,S2-264964726,S2-336078551,S2-240651016,S2-378166742,S2-737010802,S2-689076809,S2-487634400,S2-141033737,S2-506240203,S2-73252734,S2-544109742,S2-772862785,S2-816393452,S2-763081437,S3-883002508,S3-954032722,S3-45964738,S3-301397052,S3-474059985,S3-109831404,S3-3481662,S3-801829493,S3-219940707,S3-148899957,S3-855466681,S3-126487944,S3-992806420,S3-86531329,S3-816670548,S3-883971307,S3-171422309,S3-910192346,S3-95207390,S3-367504428
S1-548433616	S2-964124721,S2-673468797,S2-73167942,S2-471032892,S2-450297421,S2-267010722,S2-703336521,S2-13242250,S2-20985184,S2-218163632,S2-769766800,S2-167182391,S2-732595364,S2-791676120,S2-886866833,S2-547555858,S2-290829205,S2-954201970,S2-879077781,S2-201121438,S3-398571264,S3-924937149,S3-835661716,S3-898485943,S3-264218330,S3-187303956,S3-44120002,S3-418487398,S3-510185044,S3-263497666,S3-427447205,S3-443621119,S3-342825321,S3-440318636,S3-449543360,S3-577603916,S3-83322892,S3-884129326,S3-717555146,S3-402051873
S1-542615632	S2-12081089,S2-389235817,S2-635743141,S2-653503998,S2-667211271,S2-837556268,S2-601786928,S2-895352352,S2-83084117,S2-889718806,S2-462404592,S2-302217338,S2-523446538,S2-611784255,S2-183171834,S2-927314310,S2-411557347,S2-190689684,S2-949797154,S2-117836516,S3-87994289,S3-330693002,S3-308810209,S3-118970153,S3-254992839,S3-807166499,S3-331873108,S3-213507299,S3-661140418,S3-616667515,S3-891376352,S3-533842818,S3-521912345,S3-638558812,S3-425078591,S3-537482917,S3-673731662,S3-110318219,S3-898631224,S3-291686944
S1-396150929	S2-386511671,S2-950797288,S2-121301652,S2-190404911,S2-988607315,S2-488785607,S2-726572165,S2-308762786,S2-227333460,S2-848179352,S2-770488128,S2-108897712,S2-845276290,S2-62217607,S2-129654471,S2-152479248,S2-771718463,S2-347723844,S2-416737331,S2-991736902,S3-5471505,S3-49093058,S3-836930547,S3-371000755,S3-85916803,S3-721043834,S3-467808121,S3-186152848,S3-738600435,S3-584534802,S3-463278674,S3-400825632,S3-676849608,S3-871780423,S3-336145139,S3-526184766,S3-746878634,S3-678630155,S3-260812104,S3-906522403
S1-370806262	S2-14192121,S2-383337007,S2-963724407,S2-15215043,S2-602989341,S2-348507560,S2-578390034,S2-187095631,S2-525643028,S2-478664207,S2-183269961,S2-741250223,S2-842093623,S2-811440615,S2-924502363,S2-639526894,S2-404643754,S2-721132790,S2-135665089,S2-172050141,S3-139320496,S3-619587422,S3-53045668,S3-802987607,S3-658080530,S3-122151986,S3-523931916,S3-169086672,S3-724560370,S3-592606344,S3-825951552,S3-27773227,S3-316938598,S3-460768920,S3-783906984,S3-443352653,S3-325475602,S3-320456559,S3-6822979,S3-360965354
S1-149784022	S2-71401248,S2-664222823,S2-562319648,S2-859920509,S2-137755566,S2-397174275,S2-965641870,S2-966570073,S2-718426857,S2-407062451,S2-891742869,S2-936711237,S2-180165445,S2-260714852,S2-581048946,S2-676890160,S2-141040324,S2-363131510,S2-696199996,S2-148997423,S3-664023078,S3-41963668,S3-343479864,S3-633114392,S3-357776667,S3-885151028,S3-477205161,S3-847082646,S3-59524362,S3-41605196,S3-24402454,S3-953807928,S3-577706574,S3-932148808,S3-850571208,S3-354431218,S3-995721999,S3-760913723,S3-535279996,S3-413274751
S1-208197675	S2-16827018,S2-973708778,S2-405720110,S2-808324918,S2-919978913,S2-920162929,S2-874492612,S2-783207344,S2-237103679,S2-705294478,S2-874075209,S2-21132396,S2-829829735,S2-939852036,S2-904685906,S2-55314679,S2-916041755,S2-895098447,S2-446510312,S2-149856530,S3-796017641,S3-300079539,S3-589128822,S3-153709538,S3-699631282,S3-898865172,S3-710660501,S3-432462892,S3-543099148,S3-814932838,S3-805144871,S3-8844716,S3-86046848,S3-352064139,S3-270880211,S3-606361351,S3-746410377,S3-282487041,S3-299262043,S3-637551469
S1-621024	S2-196574406,S2-835610007,S2-291962611,S2-264663,S2-625665790,S2-794551334,S2-706744080,S2-286930295,S2-276551630,S2-752961725,S2-406955427,S2-274153899,S2-7917188,S2-668162014,S2-734595594,S2-128268349,S2-116696629,S2-12638763,S2-348526269,S2-27738520,S3-596631872,S3-675263007,S3-809747663,S3-976454262,S3-393476343,S3-369500584,S3-398009228,S3-164188240,S3-552477941,S3-527567368,S3-817058967,S3-840054557,S3-226749015,S3-240650769,S3-679241686,S3-381087792,S3-834085034,S3-962623720,S3-170514512,S3-100227129
S1-479716586	S2-90557258,S2-211902825,S2-944128217,S2-56325496,S2-375394664,S2-921336504,S2-728888019,S2-362254606,S2-341347539,S2-377498149,S2-481167039,S2-255209763,S2-147880478,S2-803090897,S2-84337110,S2-651434504,S2-879587855,S2-38347918,S2-275857098,S2-968710820,S3-554571872,S3-605481620,S3-30750689,S3-579260327,S3-222363764,S3-227359164,S3-674351824,S3-284667412,S3-809196284,S3-901124749,S3-282854709,S3-923527981,S3-50366276,S3-983741432,S3-970830032,S3-932949533,S3-367593883,S3-657235525,S3-588881635,S3-602181485
S1-73366741	S2-940785730,S2-240947445,S2-532991167,S2-475221902,S2-143289999,S2-978193459,S2-486238304,S2-671119196,S2-643544924,S2-284462419,S2-164411436,S2-631088052,S2-412904530,S2-749754768,S2-646078621,S2-226359557,S2-591655986,S2-996605554,S2-902996327,S2-825708379,S3-271028931,S3-395622166,S3-114352248,S3-772934100,S3-614540693,S3-7207926,S3-379442532,S3-984507302,S3-607093203,S3-647775983,S3-236618048,S3-9055490,S3-739746168,S3-806117796,S3-707120342,S3-377161303,S3-405836558,S3-369285732,S3-157952784,S3-13001396
S1-866981273	S2-760124395,S2-743773342,S2-301805717,S2-289394366,S2-154384953,S2-273871744,S2-627766170,S2-680561485,S2-945092453,S2-706139140,S2-786221111,S2-635565834,S2-283547764,S2-30931575,S2-737565119,S2-949368971,S2-218697369,S2-107286971,S2-704610072,S2-637517893,S3-508263665,S3-535232668,S3-50842118,S3-183654099,S3-110038745,S3-817442596,S3-155795126,S3-425339694,S3-275550456,S3-954647907,S3-448107572,S3-983444251,S3-250625656,S3-248239158,S3-834001659,S3-799011467,S3-416567309,S3-152237161,S3-959235935,S3-754388223
S1-48247433	S2-103737875,S2-355378370,S2-132260715,S2-824850781,S2-395671932,S2-344366294,S2-918764151,S2-655003536,S2-850645284,S2-28080211,S2-245956900,S2-808427861,S2-693228393,S2-140827328,S2-931636837,S2-326899624,S2-787620952,S2-52929474,S2-380367718,S2-552453270,S3-447236069,S3-606768697,S3-884176566,S3-175307813,S3-495716237,S3-934087460,S3-160961194,S3-743551346,S3-575450230,S3-171973454,S3-366058287,S3-284591976,S3-689534375,S3-707051505,S3-211649020,S3-267650734,S3-36457206,S3-742533581,S3-624545586,S3-210737726
S1-139090022	S2-77078041,S2-323877183,S2-546154473,S2-80539676,S2-94272493,S2-461406715,S2-731641227,S2-300775290,S2-408142091,S2-318490708,S2-274294369,S2-233987232,S2-684996368,S2-280847874,S2-241940958,S2-71354976,S2-871683148,S2-526266126,S2-317183088,S2-798691662,S3-851673454,S3-129765991,S3-99765624,S3-438853019,S3-235504520,S3-431669690,S3-843505959,S3-574132228,S3-13935745,S3-327433341,S3-821065275,S3-420153400,S3-850175449,S3-44246679,S3-404875950,S3-998972634,S3-24111291,S3-170536660,S3-95471567,S3-31186638
S1-503254241	S2-86697611,S2-291782319,S2-764916381,S2-462223749,S2-878505522,S2-147562704,S2-937349042,S2-653441112,S2-797031359,S2-886663007,S2-330237977,S2-757755510,S2-852795953,S2-506173780,S2-422236549,S2-641783982,S2-386398590,S2-896857417,S2-744144949,S2-220152592,S3-376422541,S3-217193740,S3-572768018,S3-404631156,S3-3727094,S3-766128490,S3-268768345,S3-65312811,S3-176012916,S3-639751894,S3-269961149,S3-289003688,S3-321284519,S3-926944477,S3-824779716,S3-365591047,S3-710127985,S3-290808537,S3-854951133,S3-599503119
S1-102847291	S2-851419824,S2-447898138,S2-540503153,S2-40757259,S2-890166346,S2-239698666,S2-483664236,S2-424685560,S2-882414672,S2-511325118,S2-862435993,S2-491216315,S2-219081517,S2-253948765,S2-199719349,S2-259586092,S2-550916245,S2-989569525,S2-788196668,S2-648614269,S3-437919565,S3-961620538,S3-478838547,S3-23882359,S3-47754627,S3-115223735,S3-813032472,S3-230326687,S3-200326376,S3-894829659,S3-472452073,S3-639636245,S3-291331482,S3-79670891,S3-907342323,S3-750080099,S3-575416059,S3-352084363,S3-873746204,S3-444853840
S1-619110488	S2-912295292,S2-595302814,S2-142430598,S2-78968709,S2-845173420,S2-751799517,S2-409888776,S2-933211562,S2-697183245,S2-384417878,S2-625996612,S2-132001975,S2-20122563,S2-628882694,S2-380057434,S2-844678678,S2-534896155,S2-223268242,S2-742230352,S2-808561305,S3-244849476,S3-857641927,S3-919398167,S3-21089719,S3-271978455,S3-9889402,S3-751196372,S3-86306991,S3-716556192,S3-79707850,S3-675533797,S3-712453793,S3-310134046,S3-438853019,S3-970163216,S3-780076235,S3-872571464,S3-275853336,S3-492309152,S3-5349336
S1-623031914	S2-274889565,S2-822440446,S2-780842867,S2-348272654,S2-664309210,S2-48769274,S2-949242153,S2-845800066,S2-370060868,S2-815181762,S2-257671681,S2-164045358,S2-25983336,S2-642750350,S2-216338945,S2-195266816,S2-168027925,S2-202329906,S2-718779319,S2-855415699,S3-214150387,S3-840743168,S3-437593899,S3-45251608,S3-718921372,S3-657755881,S3-728066378,S3-529337018,S3-933948651,S3-135983050,S3-931667344,S3-70770014,S3-824617848,S3-858267558,S3-723945489,S3-649371742,S3-965824985,S3-591340347,S3-205776925,S3-89052489
S1-215270294	S2-738526624,S2-535300799,S2-527441357,S2-220449102,S2-347572841,S2-700461843,S2-696890340,S2-912974746,S2-808576831,S2-532721038,S2-150397121,S2-510498566,S2-143635266,S2-913712414,S2-635629949,S2-540758468,S2-779120161,S2-32184378,S2-755866309,S2-907643272,S3-435949594,S3-968001175,S3-490502117,S3-582674700,S3-183927606,S3-239645053,S3-762501408,S3-60823907,S3-730526549,S3-76470519,S3-900292434,S3-543745613,S3-932146669,S3-776466763,S3-721649506,S3-619407189,S3-765015180,S3-849863248,S3-37101527,S3-33708676
S1-762005078	S2-714921445,S2-913397814,S2-330274714,S2-516738564,S2-22816278,S2-3343575,S2-992563564,S2-245780845,S2-887294020,S2-759002406,S2-426389003,S2-368085785,S2-134725970,S2-132369078,S2-258612635,S2-234785065,S2-428212650,S2-611364564,S2-24325984,S2-197152307,S3-673659550,S3-384397900,S3-495500009,S3-272471614,S3-725776083,S3-914306601,S3-694939301,S3-869563133,S3-597630553,S3-981210695,S3-535256643,S3-876999356,S3-329534988,S3-586562997,S3-717589268,S3-443874306,S3-216362484,S3-583737131,S3-414814183,S3-100907582
S1-983603694	S2-532991167,S2-671119196,S2-143289999,S2-164411436,S2-284462419,S2-978193459,S2-240947445,S2-631088052,S2-969635136,S2-646078621,S2-475221902,S2-226359557,S2-996605554,S2-934653449,S2-532378232,S2-591655986,S2-825538751,S2-949460950,S2-361174595,S2-652402035,S3-378335881,S3-7207926,S3-9055490,S3-236618048,S3-707120342,S3-607093203,S3-271028931,S3-388713887,S3-614540693,S3-772934100,S3-739746168,S3-114352248,S3-984507302,S3-343795523,S3-263830720,S3-757946916,S3-931358398,S3-842491526,S3-462723300,S3-146824281
S1-437281614	S2-648219130,S2-150098991,S2-279347296,S2-981543381,S2-96096484,S2-356710406,S2-652172685,S2-162200983,S2-845934086,S2-707856298,S2-616608978,S2-458459815,S2-80835492,S2-226735292,S2-604466371,S2-145792884,S2-160364112,S2-570686995,S2-199593873,S2-741384723,S3-271387187,S3-325348204,S3-809221472,S3-937763336,S3-518881579,S3-586174498,S3-898582166,S3-22889941,S3-903397845,S3-389830698,S3-536874174,S3-628920166,S3-858572971,S3-92602951,S3-940961658,S3-504994429,S3-832182044,S3-427156538,S3-250791581,S3-527256328
S1-590781135	S2-243204851,S2-771990403,S2-642803124,S2-347916894,S2-575641981,S2-546200482,S2-88560854,S2-299291365,S2-189128065,S2-259554507,S2-952894697,S2-204785387,S2-440188392,S2-678981366,S2-822357677,S2-314981388,S2-692565319,S2-607684664,S2-16343901,S2-248359843,S3-798015716,S3-342569937,S3-827756442,S3-465986227,S3-444003796,S3-976626436,S3-122285959,S3-449542643,S3-487420241,S3-742415893,S3-70848467,S3-455842856,S3-894414345,S3-680851246,S3-472015903,S3-791680988,S3-616333091,S3-301205837,S3-367433352,S3-297255630
S1-423414451	S2-656828461,S2-150843701,S2-497699182,S2-73727153,S2-697742552,S2-919433719,S2-667923758,S2-919703139,S2-903985964,S2-335552528,S2-965873837,S2-956617468,S2-255481825,S2-622584266,S2-494647833,S2-625385485,S2-939344974,S2-92929203,S2-570977454,S2-981373411,S3-4581669,S3-946629726,S3-248055063,S3-552304758,S3-558210480,S3-845831242,S3-784183367,S3-736101235,S3-151762201,S3-893032147,S3-259361633,S3-464769804,S3-470196650,S3-616582553,S3-765138235,S3-489585995,S3-704524580,S3-913211514,S3-631674269,S3-217862142
S1-847114478	S2-583865729,S2-225424646,S2-830176491,S2-877522128,S2-250337259,S2-520641242,S2-885864673,S2-145547025,S2-882898819,S2-748958750,S2-422890062,S2-710074032,S2-186893365,S2-353780733,S2-907518788,S2-820815736,S2-430164086,S2-767349740,S2-145749559,S2-676266022,S3-307577770,S3-32603306,S3-848800184,S3-252061994,S3-156468923,S3-248159590,S3-536306337,S3-119589506,S3-272244763,S3-322362056,S3-156508001,S3-900995588,S3-7693036,S3-38886664,S3-949872713,S3-636194845,S3-840386105,S3-505059519,S3-709706905,S3-775062743
S1-526334226	S2-259035440,S2-814460787,S2-958410309,S2-102005272,S2-604226941,S2-894751120,S2-702899119,S2-688215327,S2-486939121,S2-889243203,S2-507531223,S2-959875371,S2-620073091,S2-543519668,S2-550962321,S2-434115864,S2-272486048,S2-91051514,S2-330413414,S2-610078231,S3-455930990,S3-297725819,S3-189475939,S3-39793798,S3-833434815,S3-388981527,S3-799128595,S3-710339284,S3-422242645,S3-521693306,S3-99102287,S3-332236968,S3-866580997,S3-248069857,S3-444451325,S3-145729614,S3-233201952,S3-468363908,S3-684618391,S3-553228322
S1-381894503	S2-292535033,S2-855114258,S2-128017625,S2-788223086,S2-873643582,S2-848510038,S2-686044170,S2-163762339,S2-379558632,S2-757413235,S2-682450341,S2-640584849,S2-835321602,S2-671351334,S2-543720234,S2-480611089,S2-504275342,S2-372332974,S2-869741475,S2-648470034,S3-677962074,S3-361800396,S3-976652165,S3-211492051,S3-976265026,S3-441666486,S3-788605514,S3-817085802,S3-322172577,S3-612190510,S3-920197584,S3-895624967,S3-483863338,S3-197404400,S3-863072480,S3-183868348,S3-365630225,S3-564574801,S3-534631721,S3-40454929
S1-313092170	S2-526730352,S2-338780324,S2-821399143,S2-499711924,S2-300023280,S2-456812293,S2-327505536,S2-484814470,S2-564012783,S2-229847418,S2-55766081,S2-230442295,S2-243706118,S2-767825344,S2-174101866,S2-940820936,S2-853467313,S2-489902969,S2-422099112,S2-3723743,S3-849376049,S3-654790368,S3-898541620,S3-507653655,S3-33927406,S3-229954420,S3-486001168,S3-836457233,S3-961004370,S3-946110916,S3-268794535,S3-755427393,S3-229413100,S3-387058070,S3-84837272,S3-449912506,S3-832743389,S3-111854299,S3-535219935,S3-604314732
S1-60876864	S2-276862140,S2-444178224,S2-340390872,S2-921872992,S2-862699493,S2-182273804,S2-903683999,S2-812503095,S2-22034959,S2-732763156,S2-595390147,S2-923247863,S2-933273418,S2-895569198,S2-685544492,S2-361133873,S2-26274111,S2-110151851,S2-956170846,S2-476040629,S3-782897205,S3-858213816,S3-867678166,S3-438182899,S3-558652409,S3-780233651,S3-930377575,S3-459794976,S3-348829042,S3-789768624,S3-10556086,S3-472303958,S3-348387887,S3-428901833,S3-143162876,S3-37782127,S3-756138914,S3-982755728,S3-1520109,S3-422638742
S1-261642209	S2-45380311,S2-451445671,S2-183580672,S2-687402149,S2-439548518,S2-248206086,S2-142552322,S2-837406117,S2-738140598,S2-846662361,S2-986233492,S2-968981444,S2-205897701,S2-739791409,S2-340843905,S2-753937927,S2-758423237,S2-25446592,S2-191942962,S2-875087539,S3-457951613,S3-401870364,S3-404101997,S3-10642176,S3-115315888,S3-518802336,S3-681424847,S3-900607467,S3-181254214,S3-923008611,S3-222133470,S3-632095968,S3-572556907,S3-688267787,S3-177982925,S3-103017296,S3-308477442,S3-292257272,S3-257431531,S3-660342390
S1-78728267	S2-967115295,S2-763376057,S2-419124096,S2-991117009,S2-451357111,S2-702525855,S2-426396973,S2-804645628,S2-611962219,S2-290908330,S2-635852854,S2-422651786,S2-476266670,S2-957680381,S2-322565422,S2-104414778,S2-947318870,S2-34135211,S2-435070171,S2-825170087,S3-72334574,S3-155038848,S3-179705506,S3-980194431,S3-267750828,S3-585174398,S3-670082628,S3-989429521,S3-814198613,S3-457020769,S3-21191490,S3-579993403,S3-858397119,S3-759894469,S3-836403381,S3-866998455,S3-911038059,S3-439960186,S3-106290679,S3-822497561
S1-308199161	S2-997794025,S2-200860494,S2-726402677,S2-621817204,S2-632955033,S2-810865294,S2-491851777,S2-797386251,S2-753902349,S2-336974053,S2-197699908,S2-63232506,S2-860326457,S2-235256451,S2-615138949,S2-791402084,S2-453592051,S2-647534277,S2-529129337,S2-910429483,S3-200420688,S3-434289719,S3-833296198,S3-9010141,S3-201102300,S3-697622474,S3-425739796,S3-541228399,S3-614260744,S3-602619799,S3-257918987,S3-891899299,S3-3653544,S3-811697692,S3-56218718,S3-413980473,S3-994693794,S3-528910502,S3-536202929,S3-279091441
S1-358927120	S2-363884092,S2-473919052,S2-56923133,S2-138036393,S2-991724231,S2-894753920,S2-558211503,S2-236502124,S2-947995645,S2-152000251,S2-969013975,S2-623584914,S2-890379444,S2-426150414,S2-164454648,S2-318096981,S2-460240086,S2-748262974,S2-531447111,S2-166049173,S3-463023353,S3-619367015,S3-26435838,S3-587577331,S3-216782237,S3-86310170,S3-824319384,S3-390603382,S3-143617015,S3-882509848,S3-721801189,S3-596342265,S3-872491070,S3-309891012,S3-578260121,S3-80656449,S3-182809268,S3-408028445,S3-1797164,S3-306104556
S1-337122273	S2-872397197,S2-267535144,S2-841452964,S2-431495620,S2-877430334,S2-998579026,S2-905126703,S2-780745492,S2-229370210,S2-319267041,S2-730414002,S2-127905718,S2-195598385,S2-117673399,S2-242588199,S2-599407936,S2-140240298,S2-372307169,S2-794023455,S2-100922260,S3-607841385,S3-962786327,S3-250791193,S3-211738709,S3-520260664,S3-584775816,S3-11828722,S3-967540364,S3-162267,S3-263261175,S3-832293541,S3-355784600,S3-126298745,S3-558662774,S3-626771521,S3-807505676,S3-399390831,S3-12163916,S3-41401750,S3-401220622
S1-650650055	S2-412979900,S2-87147844,S2-879816196,S2-455130129,S2-353157720,S2-50051832,S2-808437733,S2-707259686,S2-986967278,S2-92175564,S2-719499928,S2-784548194,S2-613645099,S2-981943356,S2-155229927,S2-716632557,S2-900139841,S2-510842397,S2-654562074,S2-823800271,S3-859397873,S3-450883246,S3-452874999,S3-752866874,S3-959832265,S3-828398451,S3-20628695,S3-683063335,S3-157352819,S3-527032866,S3-189070030,S3-570092708,S3-628825046,S3-865760673,S3-528165292,S3-465341364,S3-967998498,S3-768534303,S3-911361847,S3-440621405
S1-834257002	S2-155769828,S2-829865914,S2-237550283,S2-387488749,S2-283972713,S2-22899276,S2-878606752,S2-160670574,S2-356914741,S2-384612532,S2-689451434,S2-161157612,S2-999458281,S2-938254590,S2-712470698,S2-516304144,S2-705609077,S2-461962060,S2-985176518,S2-240306760,S3-568814367,S3-940730097,S3-330054533,S3-828012460,S3-735700351,S3-848387189,S3-574748810,S3-285952000,S3-311492411,S3-220066794,S3-580000097,S3-151818219,S3-351834383,S3-350394926,S3-842166033,S3-130455058,S3-158111003,S3-743895577,S3-980889386,S3-73705358
S1-937349180	S2-366089221,S2-265993167,S2-532544833,S2-212155439,S2-723103941,S2-595010045,S2-529079316,S2-43348810,S2-429108578,S2-65781588,S2-530771670,S2-990771120,S2-678562132,S2-799374047,S2-600604156,S2-380367718,S2-953069630,S2-994705111,S2-151979427,S2-52929474,S3-555920073,S3-914499665,S3-200613708,S3-131624391,S3-921525357,S3-389513689,S3-92825660,S3-283269486,S3-347467416,S3-906559955,S3-144245264,S3-665628122,S3-925102179,S3-216295866,S3-739964363,S3-130806877,S3-171973454,S3-406025286,S3-724027175,S3-715127364
S1-725006887	S2-139615959,S2-213310785,S2-180707864,S2-704746175,S2-460883613,S2-669641587,S2-842807470,S2-610059325,S2-181679222,S2-852534294,S2-520322872,S2-805068624,S2-647059994,S2-314794867,S2-364729817,S2-210734907,S2-919567630,S2-459996115,S2-318508656,S2-998362525,S3-23939949,S3-74091996,S3-871484337,S3-561482979,S3-836162231,S3-913007049,S3-336697476,S3-413870883,S3-41426341,S3-207289736,S3-563333334,S3-139826188,S3-785082090,S3-24478964,S3-588366252,S3-428901833,S3-538236082,S3-879108221,S3-110214688,S3-637668516
S1-820730560	S2-137773522,S2-836898452,S2-275400381,S2-963306726,S2-905591594,S2-703814445,S2-153478719,S2-770943482,S2-609026975,S2-865220422,S2-789605137,S2-768183520,S2-610154159,S2-466175806,S2-585310464,S2-713308,S2-732851738,S2-924475251,S2-985950939,S2-95854214,S3-315970134,S3-825796415,S3-811476907,S3-369382930,S3-662018421,S3-559142177,S3-506422996,S3-977348984,S3-36678957,S3-565704941,S3-114782381,S3-317328924,S3-318014011,S3-782041919,S3-74421750,S3-164158212,S3-104993338,S3-878722677,S3-800643414,S3-604021527
S1-47803313	S2-971878514,S2-621776208,S2-901706153,S2-445140317,S2-884832195,S2-982361527,S2-919874427,S2-938172682,S2-51704591,S2-647228577,S2-777657809,S2-887173534,S2-127013960,S2-176150822,S2-240677196,S2-162341191,S2-174072300,S2-796606339,S2-830691017,S2-4908679,S3-121423560,S3-176828085,S3-169007525,S3-524079353,S3-88251532,S3-472094422,S3-442431658,S3-678745285,S3-595036868,S3-284702369,S3-668918265,S3-873372768,S3-555788559,S3-42817329,S3-567619836,S3-90237002,S3-77243242,S3-879656860,S3-611353011,S3-732467446
S1-385569722	S2-618047227,S2-2881302,S2-9410084,S2-504837702,S2-836194612,S2-770245859,S2-10378272,S2-149894235,S2-541890062,S2-586704868,S2-392288873,S2-450803638,S2-675089736,S2-381027570,S2-983326133,S2-741586016,S2-30366554,S2-777097274,S2-791878466,S2-819876678,S3-9398890,S3-82585295,S3-194192310,S3-942879010,S3-122988495,S3-56386092,S3-432682666,S3-921027664,S3-583810927,S3-962422235,S3-835853090,S3-122986867,S3-47899669,S3-279006503,S3-894069833,S3-932703780,S3-10300249,S3-90022342,S3-281228245,S3-346464906
S1-453884385	S2-100262931,S2-817385906,S2-79644984,S2-980957424,S2-683449702,S2-987703082,S2-785700047,S2-366263950,S2-220152592,S2-657714019,S2-296778132,S2-411875368,S2-786565277,S2-678910468,S2-582971961,S2-981096713,S2-919309463,S2-310505168,S2-337630109,S2-842674894,S3-577316868,S3-196284015,S3-589700618,S3-115167819,S3-177620194,S3-57054138,S3-556727148,S3-898399857,S3-767445863,S3-248382851,S3-443924699,S3-961453317,S3-425529824,S3-164501181,S3-372860294,S3-268768345,S3-384437188,S3-337435095,S3-10963322,S3-767432476
S1-650304466	S2-542159685,S2-81242288,S2-575963641,S2-246966190,S2-503743087,S2-677956416,S2-318009266,S2-999111175,S2-665406711,S2-773345204,S2-80347084,S2-684948233,S2-417829075,S2-959448714,S2-120120209,S2-390142514,S2-99869477,S2-832312616,S2-211721146,S2-379375028,S3-139263068,S3-485591426,S3-363152490,S3-202549143,S3-874857068,S3-715098467,S3-720452393,S3-52297815,S3-14199868,S3-107309468,S3-282747317,S3-695016435,S3-157337925,S3-968717937,S3-944190628,S3-504162265,S3-68787897,S3-917255658,S3-437337908,S3-755031467
S1-762839052	S2-457753565,S2-583776248,S2-692484573,S2-814553631,S2-532344738,S2-72858303,S2-839991893,S2-174187547,S2-976628808,S2-632838411,S2-83221770,S2-587973344,S2-730055337,S2-621735054,S2-57055668,S2-501211852,S2-831933327,S2-511810927,S2-251677157,S2-711253667,S3-177756511,S3-299595965,S3-937929471,S3-153964012,S3-625054514,S3-314949558,S3-474611442,S3-547668900,S3-920956777,S3-885777662,S3-552218493,S3-998917504,S3-565415742,S3-52135253,S3-426368724,S3-240213533,S3-494993063,S3-295126862,S3-882371489,S3-4737266
S1-550679918	S2-485686144,S2-120237629,S2-567557396,S2-449953927,S2-637437297,S2-101737789,S2-531736267,S2-998450705,S2-685396460,S2-166079961,S2-342366456,S2-224176,S2-235325225,S2-828129937,S2-71796535,S2-473118859,S2-703085578,S2-460851421,S2-333865760,S2-192022481,S3-549826015,S3-111093422,S3-167344968,S3-2847792,S3-728047690,S3-216642521,S3-782363652,S3-93881335,S3-595777819,S3-263638254,S3-423974499,S3-123059673,S3-546262399,S3-363218665,S3-820253844,S3-741089434,S3-389494878,S3-690597938,S3-258370932,S3-798438105
S1-659666950	S2-266010026,S2-760152848,S2-754632405,S2-641813736,S2-962127209,S2-150381432,S2-969574474,S2-261210990,S2-946072848,S2-487760499,S2-39547519,S2-224128566,S2-710755246,S2-232178094,S2-222705990,S2-405256834,S2-940366297,S2-765715070,S2-16482869,S2-517621175,S3-28336882,S3-559853302,S3-935110911,S3-2829620,S3-935930463,S3-75492936,S3-109796435,S3-715186323,S3-818948740,S3-132231749,S3-610617902,S3-613967950,S3-992571709,S3-387637873,S3-540126978,S3-83608534,S3-525045384,S3-612053497,S3-553228322,S3-182704141
S1-772914073	S2-111312636,S2-656686291,S2-373935646,S2-920184654,S2-592596499,S2-93267739,S2-80241676,S2-351586681,S2-910090974,S2-580651946,S2-105255255,S2-135244630,S2-279565254,S2-95604680,S2-701018581,S2-394343179,S2-805068624,S2-723082262,S2-767453499,S2-25307083,S3-55948637,S3-558523492,S3-282017706,S3-553283658,S3-766035204,S3-902080446,S3-83541665,S3-155279112,S3-569487444,S3-431726820,S3-812806976,S3-266907360,S3-91783350,S3-551583993,S3-592114339,S3-221781961,S3-779444319,S3-757794202,S3-542707176,S3-1520109
S1-860482342	S2-282762709,S2-781459044,S2-497391432,S2-701279901,S2-465694,S2-538720651,S2-954442410,S2-451129,S2-8542217,S2-218813922,S2-497740653,S2-424599291,S2-587123800,S2-850466073,S2-36296976,S2-643906460,S2-907998694,S2-14086611,S2-201886675,S2-195340761,S3-186966609,S3-508843484,S3-172474411,S3-310379948,S3-835722215,S3-701595061,S3-614186363,S3-75000343,S3-698989823,S3-564464104,S3-779283744,S3-176344046,S3-235963416,S3-258138559,S3-412337449,S3-998740948,S3-67454075,S3-168525233,S3-532388014,S3-199983640
S1-813052697	S2-8615120,S2-189546220,S2-559518009,S2-986629134,S2-145772427,S2-624502485,S2-981839394,S2-386631320,S2-446792407,S2-384741482,S2-798332974,S2-792467805,S2-103334562,S2-485630500,S2-528910390,S2-69928410,S2-762814140,S2-437136287,S2-644976356,S2-607830976,S3-706764031,S3-550364125,S3-713513435,S3-987463688,S3-191132471,S3-868418619,S3-151117847,S3-749540559,S3-581295737,S3-227097784,S3-477813137,S3-57830857,S3-441211828,S3-131050526,S3-855479874,S3-643154035,S3-909766252,S3-782434410,S3-478186172,S3-78074738
S1-366528589	S2-938730187,S2-25307083,S2-641340718,S2-728871871,S2-986629134,S2-373935646,S2-248502678,S2-554066539,S2-93267739,S2-386631320,S2-933084213,S2-456706229,S2-644976356,S2-80835599,S2-930382947,S2-910940946,S2-926583515,S2-731382351,S2-147962573,S2-592596499,S3-323109690,S3-715203973,S3-945077091,S3-937585212,S3-902080446,S3-551583993,S3-286995372,S3-183940764,S3-958765572,S3-441211828,S3-137537760,S3-32715774,S3-475015284,S3-535024944,S3-504917403,S3-729987861,S3-385415308,S3-90624011,S3-390652022,S3-553283658
S1-720336913	S2-370797151,S2-819895550,S2-677587921,S2-685555753,S2-622972758,S2-672367090,S2-679100034,S2-117504644,S2-924753358,S2-211808993,S2-256606708,S2-949184814,S2-286835375,S2-425262307,S2-140616809,S2-726539574,S2-80553198,S2-381674860,S2-629431053,S2-550178936,S3-603625786,S3-488481193,S3-911144781,S3-428191252,S3-77766630,S3-732045847,S3-801638292,S3-134380482,S3-377422755,S3-486668666,S3-745785960,S3-509146473,S3-673302506,S3-855226001,S3-77257430,S3-624725926,S3-981096025,S3-522370955,S3-585130700,S3-239746461
S1-640880009	S2-410245256,S2-785857362,S2-216225571,S2-871472897,S2-880334820,S2-328363510,S2-739217134,S2-911429299,S2-824454877,S2-193016113,S2-934504216,S2-171201514,S2-943734127,S2-484964808,S2-842340251,S2-351309882,S2-880370495,S2-891412928,S2-55972665,S2-372506596,S3-500217693,S3-470880995,S3-182807662,S3-247442919,S3-606771095,S3-183720491,S3-284829708,S3-788359489,S3-603419184,S3-393879217,S3-883884833,S3-269409801,S3-405882266,S3-391823164,S3-200642284,S3-536164043,S3-131558246,S3-743384144,S3-360196310,S3-606488833
S1-887500171	S2-276898138,S2-3533197,S2-751126967,S2-185574521,S2-268308856,S2-84631992,S2-204166462,S2-631478142,S2-632252306,S2-565583648,S2-709403238,S2-888564112,S2-517834381,S2-448673261,S2-981156356,S2-452258239,S2-498004245,S2-770943482,S2-620771668,S2-720857242,S3-182017059,S3-982916620,S3-519324158,S3-257390166,S3-283331598,S3-572589447,S3-32654056,S3-342523923,S3-746081335,S3-794094645,S3-854327710,S3-716255218,S3-239409086,S3-980723763,S3-954671012,S3-30906587,S3-573314762,S3-132593088,S3-286351294,S3-521317798
S1-971996731	S2-638309978,S2-4159012,S2-932502376,S2-158763449,S2-900220600,S2-832315012,S2-229478482,S2-241362122,S2-332055244,S2-21431839,S2-90282614,S2-687975083,S2-636196033,S2-202929334,S2-456659291,S2-531652915,S2-760467372,S2-18432284,S2-144056913,S2-136729707,S3-302516864,S3-145729614,S3-238568846,S3-58465858,S3-866580997,S3-32387908,S3-702192442,S3-406335797,S3-545762589,S3-505728960,S3-254957014,S3-979864882,S3-383567406,S3-422242645,S3-228511203,S3-233201952,S3-132722092,S3-826923040,S3-5209626,S3-397954251
S1-104317115	S2-147170539,S2-805062970,S2-360948016,S2-652356461,S2-460764523,S2-364790832,S2-450649420,S2-86707779,S2-379254028,S2-649878930,S2-596939056,S2-854532458,S2-785901867,S2-911312911,S2-630817745,S2-632264090,S2-320918000,S2-91937451,S2-73195347,S2-40174045,S3-147559602,S3-593500151,S3-687630090,S3-809548655,S3-570016803,S3-733757981,S3-954470998,S3-738031594,S3-696693948,S3-618543776,S3-800689557,S3-485833828,S3-898320672,S3-757457132,S3-690366603,S3-153918356,S3-132977414,S3-655897654,S3-129196886,S3-951476649
S1-518257638	S2-408438287,S2-261176636,S2-917559481,S2-722039685,S2-109839470,S2-690362855,S2-258740850,S2-64467415,S2-495337949,S2-568143618,S2-267188786,S2-136996306,S2-258568931,S2-752079365,S2-860364654,S2-904003923,S2-143544110,S2-613069083,S2-671292051,S2-266529850,S3-709117791,S3-200856906,S3-467027385,S3-670984283,S3-889773194,S3-685191217,S3-824236166,S3-819298635,S3-922133075,S3-754102850,S3-82173993,S3-639043740,S3-681099391,S3-553079905,S3-435828199,S3-613328135,S3-232850921,S3-171201454,S3-790882473,S3-143681835
S1-884660527	S2-862214053,S2-745405138,S2-713027804,S2-463531235,S2-684097955,S2-383308939,S2-508109808,S2-765981385,S2-351519794,S2-221337896,S2-176232960,S2-319151772,S2-41888278,S2-170743593,S2-348325314,S2-886117102,S2-81112203,S2-782957807,S2-663974978,S2-32682124,S3-758543658,S3-768149648,S3-613135619,S3-422367488,S3-389237376,S3-720157893,S3-684045628,S3-263531840,S3-610015411,S3-968829571,S3-183070736,S3-92305881,S3-665072729,S3-589230881,S3-582573440,S3-8631480,S3-809305235,S3-854752813,S3-6085532,S3-367321686
S1-910004085	S2-155138353,S2-151429693,S2-552961451,S2-509990543,S2-759226529,S2-677931344,S2-33882085,S2-308948165,S2-669032045,S2-305247876,S2-214045922,S2-332044545,S2-36829758,S2-722459627,S2-508344361,S2-394909781,S2-900650835,S2-580545139,S2-502343534,S2-952875282,S3-252133610,S3-493724596,S3-58091719,S3-767676371,S3-425185749,S3-988534686,S3-471889713,S3-820108882,S3-78419839,S3-723818723,S3-542260686,S3-694488665,S3-281926963,S3-192316447,S3-79184734,S3-790032081,S3-233402033,S3-527642797,S3-508197711,S3-415355509
S1-591894902	S2-825152037,S2-673721153,S2-814024394,S2-525611852,S2-726997470,S2-214716009,S2-266678156,S2-460484128,S2-308331940,S2-246561690,S2-112360324,S2-128472620,S2-800675490,S2-905461824,S2-705684042,S2-255281915,S2-601485334,S2-29671090,S2-84943479,S2-323641870,S3-711845037,S3-10667130,S3-83699573,S3-868379375,S3-763188889,S3-891725900,S3-920915230,S3-278914746,S3-569223417,S3-104121995,S3-199805801,S3-529463260,S3-706767510,S3-740562264,S3-577341600,S3-879889054,S3-368328676,S3-529368145,S3-457059574,S3-2945906
S1-142638295	S2-118370966,S2-69430020,S2-420816752,S2-417743541,S2-328944550,S2-525148018,S2-747459531,S2-158681675,S2-98990312,S2-819484041,S2-139527352,S2-497869712,S2-40956435,S2-215800567,S2-594400460,S2-31275344,S2-187946182,S2-973459583,S2-127612378,S2-877682695,S3-636249405,S3-612636073,S3-385294738,S3-735911553,S3-241515784,S3-677162702,S3-423182087,S3-258496816,S3-187929272,S3-743052327,S3-285937615,S3-698011823,S3-328197877,S3-563941159,S3-888609417,S3-107273061,S3-386382052,S3-490822535,S3-587258953,S3-320542108
S1-950720921	S2-317887701,S2-552344048,S2-652451674,S2-769732401,S2-929254717,S2-710254316,S2-591876506,S2-104941292,S2-535201703,S2-831865153,S2-236789039,S2-847525230,S2-867105488,S2-466061998,S2-800805329,S2-902405782,S2-6373637,S2-761740572,S2-313955120,S2-399815856,S3-860516362,S3-896278285,S3-925759786,S3-804887078,S3-818156818,S3-970382548,S3-594211342,S3-130614843,S3-475233365,S3-856478023,S3-681613237,S3-306768375,S3-339751850,S3-509349579,S3-644284262,S3-567691471,S3-509086279,S3-662151146,S3-182704141,S3-684954784
S1-183285524	S2-476350086,S2-827567256,S2-752449504,S2-147880478,S2-582775205,S2-526949499,S2-750024428,S2-132322969,S2-386563966,S2-72705987,S2-872099735,S2-258360599,S2-689680875,S2-129839245,S2-628270825,S2-747378033,S2-942148391,S2-540131303,S2-659836978,S2-551376671,S3-327277497,S3-15560873,S3-128216690,S3-538331776,S3-114396865,S3-998828261,S3-960905947,S3-536550362,S3-907934703,S3-751725133,S3-162626400,S3-986373601,S3-352692826,S3-577324358,S3-799445548,S3-673217340,S3-773708364,S3-920099153,S3-261416922,S3-956529663
S1-714649207	S2-314794867,S2-469081581,S2-730665666,S2-446016100,S2-115925459,S2-210734907,S2-135244630,S2-139615959,S2-647059994,S2-554066539,S2-569681566,S2-805068624,S2-787159712,S2-351586681,S2-364729817,S2-279565254,S2-884791212,S2-723082262,S2-89101680,S2-80241676,S3-883633200,S3-131050526,S3-299976202,S3-261157182,S3-782434410,S3-219095716,S3-939036683,S3-284447814,S3-22554814,S3-542707176,S3-654177357,S3-213389426,S3-249338451,S3-227097784,S3-193036878,S3-78074738,S3-57830857,S3-94920424,S3-266907360,S3-793221664
S1-841168517	S2-871245143,S2-283807401,S2-193013091,S2-796946746,S2-715131916,S2-530812786,S2-502376995,S2-385384208,S2-336551909,S2-392201524,S2-703976057,S2-575798650,S2-572946231,S2-96614952,S2-694707408,S2-746138897,S2-658024521,S2-204433622,S2-868783325,S2-497158970,S3-754510379,S3-678130918,S3-786232011,S3-60488984,S3-453390367,S3-221069556,S3-664158078,S3-790916946,S3-993392592,S3-724902584,S3-545344029,S3-985104446,S3-15283284,S3-798008145,S3-806515147,S3-710443039,S3-503967646,S3-270579492,S3-159186249,S3-212659951
S1-819898451	S2-386511671,S2-873366419,S2-328794803,S2-907641246,S2-99269459,S2-4064744,S2-85268354,S2-7871403,S2-381495092,S2-135413086,S2-523951310,S2-762784463,S2-431698129,S2-672741465,S2-884396375,S2-856483968,S2-569891847,S2-277659931,S2-416737331,S2-673458670,S3-855090345,S3-605361955,S3-85916803,S3-743857866,S3-192295368,S3-960697598,S3-678630155,S3-160776850,S3-730079493,S3-953195353,S3-211851316,S3-676849608,S3-657947443,S3-545143360,S3-5471505,S3-899716627,S3-49093058,S3-995648996,S3-794189635,S3-482609684
S1-949091955	S2-702525855,S2-953832170,S2-833308026,S2-254038654,S2-578895603,S2-786130470,S2-611962219,S2-885169537,S2-753247454,S2-991117009,S2-930262743,S2-487883472,S2-635852854,S2-171011140,S2-451357111,S2-398889556,S2-967115295,S2-380526032,S2-142644996,S2-319155977,S3-369525154,S3-168110332,S3-802092565,S3-858397119,S3-822497561,S3-120416631,S3-155038848,S3-866998455,S3-102215341,S3-602861301,S3-679342309,S3-670082628,S3-72334574,S3-164211717,S3-179705506,S3-267750828,S3-810463405,S3-376226900,S3-911038059,S3-106290679
S1-552966879	S2-369353988,S2-827890314,S2-999291665,S2-706954273,S2-12987045,S2-651477034,S2-291466081,S2-218396425,S2-400755412,S2-646065485,S2-288045087,S2-235678014,S2-252241796,S2-782728572,S2-972637181,S2-228830917,S2-114838518,S2-231874477,S2-793904995,S2-913361126,S3-39152458,S3-111600959,S3-849320713,S3-526744514,S3-648996862,S3-29964869,S3-467283862,S3-394973603,S3-502721774,S3-387248136,S3-558538097,S3-226320445,S3-713113498,S3-115957854,S3-471342034,S3-957728172,S3-832863494,S3-459263519,S3-800301796,S3-966744850
S1-220057580	S2-687237191,S2-886901291,S2-190253739,S2-281814132,S2-413411091,S2-648614269,S2-874873860,S2-531514004,S2-535312380,S2-432077414,S2-306233007,S2-909084200,S2-335241231,S2-120638028,S2-551332152,S2-170384043,S2-769085192,S2-49995783,S2-888968975,S2-792563997,S3-963769332,S3-635506018,S3-600658933,S3-307928368,S3-663480155,S3-154869662,S3-155676988,S3-546181540,S3-367597919,S3-849778214,S3-580026970,S3-545709431,S3-378886377,S3-811910489,S3-47754627,S3-803492,S3-472066714,S3-478838547,S3-326879885,S3-389540907
S1-64462728	S2-602303692,S2-548381369,S2-411697167,S2-696719433,S2-934391263,S2-451931389,S2-178779915,S2-886464978,S2-261294741,S2-614108532,S2-618314392,S2-376429968,S2-43676597,S2-245492787,S2-628709072,S2-760600385,S2-374262617,S2-84294594,S2-814527831,S2-234711816,S3-383120153,S3-526709055,S3-614038839,S3-5150254,S3-688994761,S3-509962971,S3-605050449,S3-621440672,S3-644885018,S3-328398922,S3-255192686,S3-388972379,S3-756831859,S3-250365731,S3-179012918,S3-879460228,S3-809382307,S3-963171937,S3-127697372,S3-790809563
S1-807938084	S2-200454250,S2-950382099,S2-771630923,S2-349336620,S2-752471454,S2-928509858,S2-144901730,S2-201891997,S2-910300450,S2-119145719,S2-13885626,S2-239077864,S2-350315635,S2-479684182,S2-124599563,S2-862685395,S2-859902850,S2-343345551,S2-479193980,S2-395171961,S3-690466593,S3-3116760,S3-441492002,S3-42113753,S3-368490300,S3-203334674,S3-266160660,S3-515747426,S3-51092322,S3-538492919,S3-233867102,S3-880834404,S3-958937599,S3-17678176,S3-311145376,S3-139057359,S3-174699474,S3-218842240,S3-873243986,S3-482395546
S1-693870315	S2-940603889,S2-582604294,S2-641136918,S2-86912421,S2-170941898,S2-505948999,S2-891600450,S2-710659498,S2-680583376,S2-151306337,S2-485372755,S2-878884039,S2-402015344,S2-239075227,S2-431914516,S2-160722779,S2-56240800,S2-333048025,S2-927895821,S2-746347448,S3-116334847,S3-38135530,S3-13782788,S3-252127910,S3-838114556,S3-368104334,S3-425256090,S3-280398472,S3-210230737,S3-344639428,S3-647823698,S3-884974319,S3-760352668,S3-572030729,S3-475626008,S3-407369939,S3-241307377,S3-866811231,S3-215893913,S3-218396865
S1-455827432	S2-241362122,S2-467136296,S2-700233887,S2-654124665,S2-332055244,S2-21431839,S2-900220600,S2-832315012,S2-229478482,S2-317010776,S2-90282614,S2-687975083,S2-36088882,S2-614920067,S2-158763449,S2-636196033,S2-846945459,S2-374185952,S2-247085744,S2-4159012,S3-238568846,S3-302516864,S3-145729614,S3-866580997,S3-132722092,S3-383567406,S3-58465858,S3-592409761,S3-397954251,S3-545762589,S3-406335797,S3-609510738,S3-54856979,S3-505728960,S3-32387908,S3-571455132,S3-533188670,S3-702192442,S3-5209626,S3-422242645
S1-527611593	S2-939177259,S2-748230329,S2-593900732,S2-976563687,S2-311974636,S2-896992919,S2-53755513,S2-721273162,S2-187535828,S2-424932378,S2-714486407,S2-774392345,S2-389646822,S2-877613262,S2-475421250,S2-163488566,S2-145124758,S2-964336613,S2-429776897,S2-749003311,S3-597585149,S3-68755886,S3-234659501,S3-200685503,S3-875055273,S3-330174087,S3-857937906,S3-373462158,S3-171882428,S3-105131461,S3-876328887,S3-458839471,S3-192534763,S3-882572002,S3-277182497,S3-845732577,S3-447656073,S3-999397065,S3-344953846,S3-166157318
S1-727773972	S2-776247418,S2-398719754,S2-395532755,S2-511068462,S2-700230329,S2-422890062,S2-932194705,S2-433089521,S2-882898819,S2-134598551,S2-246615477,S2-23111648,S2-625660157,S2-988509235,S2-352215857,S2-990286005,S2-877522128,S2-583865729,S2-863920563,S2-721985316,S3-452038157,S3-189102088,S3-790769308,S3-175609958,S3-353299787,S3-194604569,S3-504426354,S3-7693036,S3-1457387,S3-252061994,S3-165029805,S3-918434772,S3-505059519,S3-196660462,S3-685671323,S3-248159590,S3-964416468,S3-28124018,S3-824056710,S3-496449197
S1-279446676	S2-533748083,S2-480388984,S2-281977031,S2-203190236,S2-198255016,S2-246675460,S2-222958423,S2-700317406,S2-597945499,S2-252251189,S2-396798918,S2-784744321,S2-86458130,S2-643173613,S2-299794715,S2-696249827,S2-249770710,S2-63618400,S2-40384887,S2-620165737,S3-173449265,S3-774331411,S3-935050981,S3-40310206,S3-261199427,S3-3918535,S3-751695476,S3-808808042,S3-513057872,S3-271424979,S3-248658177,S3-333543278,S3-652005579,S3-135477072,S3-146153653,S3-17316632,S3-593982850,S3-650185528,S3-646804097,S3-236616693
S1-918109974	S2-983651104,S2-118015442,S2-734764008,S2-304925438,S2-783323885,S2-581216987,S2-82915728,S2-860175086,S2-355145341,S2-462453882,S2-699990649,S2-989826578,S2-208162427,S2-212477105,S2-318663006,S2-550738304,S2-580044694,S2-186453321,S2-30852825,S2-84439340,S3-254629679,S3-197326437,S3-78740215,S3-372816761,S3-483627559,S3-527329772,S3-951762583,S3-16882904,S3-998954331,S3-368280605,S3-274864221,S3-439781326,S3-456248235,S3-581776069,S3-372383867,S3-720534545,S3-9685069,S3-254160297,S3-758345028,S3-820273363
S1-615018738	S2-824996680,S2-977538249,S2-159017636,S2-458099465,S2-80449171,S2-680895580,S2-18334676,S2-952908019,S2-19897927,S2-29569525,S2-898773584,S2-379566263,S2-374645705,S2-817484696,S2-9220065,S2-536161997,S2-40181309,S2-851845819,S2-779727380,S2-245861783,S3-111896888,S3-746163471,S3-696714775,S3-239889046,S3-237299197,S3-713063644,S3-123332427,S3-351955373,S3-830405439,S3-709035247,S3-777754607,S3-784029605,S3-994837131,S3-221959435,S3-595397728,S3-880548200,S3-214016581,S3-256757313,S3-340297954,S3-891623805
S1-666592077	S2-692313839,S2-965265670,S2-909111431,S2-512938733,S2-985314510,S2-140103443,S2-615568475,S2-995933742,S2-663700902,S2-652157698,S2-222136410,S2-685060844,S2-761558587,S2-188117772,S2-40233028,S2-633888738,S2-809801944,S2-361174595,S2-916015676,S2-825538751,S3-967173308,S3-379442532,S3-418970885,S3-618620123,S3-146824281,S3-434813305,S3-728608302,S3-385744286,S3-809287813,S3-606091521,S3-604231850,S3-640220526,S3-462723300,S3-288476084,S3-724316554,S3-252274880,S3-130343801,S3-937969250,S3-672582225,S3-655711266
S1-509532493	S2-253072897,S2-119450288,S2-502710321,S2-897101367,S2-559700988,S2-702771806,S2-374296944,S2-95410441,S2-147011040,S2-832071930,S2-431480559,S2-331520112,S2-818713968,S2-581302943,S2-279171380,S2-28980877,S2-523466623,S2-433156719,S2-968302127,S2-246894919,S3-836527172,S3-924475647,S3-979578880,S3-801438236,S3-420172198,S3-924465321,S3-47730479,S3-745588475,S3-75769522,S3-479500154,S3-679269413,S3-42995499,S3-366266120,S3-101232059,S3-86741402,S3-839748736,S3-590697146,S3-45355902,S3-327100252,S3-447003747
S1-992285010	S2-944128217,S2-337840689,S2-275857098,S2-801634350,S2-362254606,S2-481167039,S2-636884393,S2-341347539,S2-434970463,S2-968710820,S2-469931821,S2-375394664,S2-651434504,S2-84337110,S2-557894998,S2-619013782,S2-803090897,S2-211902825,S2-728888019,S2-370293260,S3-553419424,S3-579260327,S3-477576886,S3-945930307,S3-282854709,S3-50366276,S3-983741432,S3-554571872,S3-177387705,S3-506942678,S3-525240044,S3-674351824,S3-457388077,S3-810580402,S3-868363289,S3-222363764,S3-253126759,S3-300174523,S3-602315179,S3-683185072
S1-382076507	S2-545005001,S2-774736197,S2-80205148,S2-635565834,S2-263316955,S2-988566947,S2-328994531,S2-361645945,S2-83603608,S2-447932561,S2-757748910,S2-960549243,S2-154384953,S2-704610072,S2-513577693,S2-273871744,S2-980757550,S2-218697369,S2-385419254,S2-316071800,S3-159272704,S3-651277898,S3-490736067,S3-696690652,S3-198150517,S3-286364392,S3-991423693,S3-326636338,S3-432398217,S3-110038745,S3-573529563,S3-535232668,S3-993392724,S3-493901458,S3-817442596,S3-526611118,S3-183654099,S3-916922412,S3-954647907,S3-331603547
S1-185535466	S2-989476242,S2-934647917,S2-737466817,S2-156260763,S2-134400497,S2-245956900,S2-879802083,S2-689550445,S2-63091158,S2-676871560,S2-587513546,S2-901291128,S2-907022103,S2-592018357,S2-414301906,S2-639459227,S2-204895581,S2-718616529,S2-28080211,S2-585610563,S3-937399143,S3-309652747,S3-774339907,S3-83749988,S3-409604533,S3-345723933,S3-76033373,S3-472566613,S3-899298661,S3-148090531,S3-284311273,S3-210737726,S3-738782932,S3-287042841,S3-314795178,S3-707502882,S3-624545586,S3-538116452,S3-752707561,S3-558870882
S1-799535694	S2-285384769,S2-729915788,S2-689802904,S2-554889050,S2-771719189,S2-571232685,S2-180299667,S2-298794132,S2-619927703,S2-541583580,S2-11662552,S2-159020433,S2-500630737,S2-456706229,S2-565744021,S2-932999625,S2-954941109,S2-741650686,S2-686803202,S2-248502678,S3-417109503,S3-68836041,S3-105170828,S3-996976621,S3-685616951,S3-605632863,S3-432433283,S3-423299262,S3-312735805,S3-394653957,S3-114115947,S3-958232744,S3-502119649,S3-564156674,S3-901462418,S3-188504675,S3-478558291,S3-661360664,S3-292495394,S3-124923979
S1-598558953	S2-126248052,S2-224751044,S2-935476841,S2-682586639,S2-332723605,S2-220152592,S2-646328620,S2-774449860,S2-86697611,S2-144384317,S2-683449702,S2-493332138,S2-195757164,S2-99901987,S2-63758047,S2-267887555,S2-608659537,S2-439680433,S2-278378021,S2-214414989,S3-512124367,S3-209164725,S3-375895390,S3-723460337,S3-20479494,S3-37873383,S3-397843050,S3-78683435,S3-190299470,S3-16892273,S3-265140435,S3-993791718,S3-382648630,S3-759173478,S3-3727094,S3-260801232,S3-464478400,S3-22864740,S3-269961149,S3-869298781
S1-222645796	S2-495771346,S2-255426896,S2-331959585,S2-294315436,S2-411668291,S2-872024147,S2-789748075,S2-494450636,S2-872048295,S2-498577478,S2-737929529,S2-636497341,S2-768299835,S2-528350957,S2-686803202,S2-710255334,S2-944918365,S2-397062339,S2-53851580,S2-462273663,S3-951073524,S3-825366131,S3-519410368,S3-417417798,S3-506352190,S3-94344001,S3-438834586,S3-163712595,S3-174033798,S3-367680748,S3-937348989,S3-699115862,S3-631845306,S3-469969802,S3-771131070,S3-592409761,S3-589992184,S3-86408074,S3-927354334,S3-37782127
S1-192481319	S2-865639122,S2-691296000,S2-735350986,S2-837195716,S2-939401759,S2-592912853,S2-491168388,S2-436185882,S2-561915559,S2-17853482,S2-261501962,S2-226359557,S2-568013351,S2-652402035,S2-631088052,S2-337650225,S2-926593422,S2-591655986,S2-25469293,S2-475221902,S3-411652215,S3-97208643,S3-984507302,S3-388713887,S3-369396734,S3-377161303,S3-739746168,S3-236618048,S3-363811033,S3-96071896,S3-146112334,S3-808854245,S3-914075375,S3-135859878,S3-630962187,S3-9055490,S3-555821983,S3-625430809,S3-905036989,S3-707120342
S1-413573159	S2-934647917,S2-676871560,S2-139193275,S2-345701197,S2-156260763,S2-989476242,S2-737466817,S2-134400497,S2-825500215,S2-43348810,S2-245956900,S2-689550445,S2-641567965,S2-879802083,S2-678562132,S2-63091158,S2-587513546,S2-162462186,S2-51246152,S2-52929474,S3-937399143,S3-899298661,S3-707502882,S3-409604533,S3-325124663,S3-665858343,S3-774339907,S3-309652747,S3-738782932,S3-287042841,S3-472566613,S3-624545586,S3-538116452,S3-433206877,S3-284311273,S3-790911062,S3-83749988,S3-96958968,S3-953568238,S3-6939770
S1-782634160	S2-419278598,S2-542747373,S2-748391797,S2-643773401,S2-419652771,S2-634068583,S2-102319561,S2-947625819,S2-219999340,S2-963557416,S2-328228890,S2-749230910,S2-250146524,S2-927811718,S2-176727679,S2-727134185,S2-40950046,S2-334039644,S2-778077827,S2-184599071,S3-745778895,S3-471206164,S3-638737127,S3-814379755,S3-750137424,S3-573985658,S3-704946830,S3-203577780,S3-37527709,S3-709985020,S3-219828189,S3-996787733,S3-398743645,S3-541874266,S3-771930704,S3-117586893,S3-277293975,S3-903420988,S3-966240674,S3-636688764
S1-394334841	S2-54013358,S2-608283048,S2-747110930,S2-661196101,S2-839615930,S2-101119246,S2-583207109,S2-721866791,S2-258025800,S2-721132790,S2-662603761,S2-846852964,S2-982463484,S2-112153163,S2-36969201,S2-70894251,S2-639526894,S2-970876570,S2-232833424,S2-461588811,S3-268783394,S3-29599249,S3-316938598,S3-690859822,S3-851127873,S3-375565512,S3-587294867,S3-804916289,S3-126991141,S3-450008748,S3-656510604,S3-836188070,S3-418065082,S3-653366993,S3-475901066,S3-717884267,S3-573795775,S3-816915328,S3-829601892,S3-487610430
S1-759762834	S2-865414103,S2-2641867,S2-306995546,S2-200160631,S2-172931117,S2-520807246,S2-249276603,S2-544414208,S2-796153176,S2-576546411,S2-552878160,S2-859602057,S2-260052522,S2-271073105,S2-391035386,S2-156945895,S2-778691713,S2-564364841,S2-51366610,S2-962454104,S3-120208241,S3-338570212,S3-466073079,S3-631180714,S3-328167820,S3-455411016,S3-570959074,S3-516840601,S3-810106823,S3-310916763,S3-870994306,S3-746231658,S3-868486258,S3-157064547,S3-140360211,S3-404418801,S3-358249189,S3-211112674,S3-44599028,S3-164211654
S1-653070765	S2-80205148,S2-263316955,S2-937397598,S2-924936637,S2-690150918,S2-301805717,S2-704610072,S2-737565119,S2-591540353,S2-455603092,S2-635565834,S2-988566947,S2-276480881,S2-925941977,S2-680561485,S2-273871744,S2-627297286,S2-154384953,S2-822526227,S2-368346570,S3-350007597,S3-50098307,S3-887771391,S3-369843892,S3-573529563,S3-993392724,S3-157467464,S3-526611118,S3-672930639,S3-326636338,S3-780695221,S3-474239542,S3-954647907,S3-916922412,S3-425339694,S3-110038745,S3-698241241,S3-862968202,S3-250625656,S3-981855489
S1-94096071	S2-461812372,S2-420867802,S2-438748930,S2-721023618,S2-338306388,S2-757903279,S2-465217104,S2-690896586,S2-84605393,S2-734286984,S2-102330387,S2-292256470,S2-250936280,S2-840144902,S2-337354956,S2-878600920,S2-689436643,S2-725430941,S2-387573589,S2-20886604,S3-667046463,S3-960255017,S3-968239933,S3-550971959,S3-604691447,S3-390122956,S3-387727807,S3-189889195,S3-721761087,S3-942910587,S3-104763969,S3-113279201,S3-953237478,S3-585634379,S3-678081167,S3-214260171,S3-974379737,S3-117232718,S3-171662170,S3-450161436
S1-682391735	S2-635082651,S2-53736129,S2-645071199,S2-920587005,S2-845990124,S2-674613586,S2-229044843,S2-107820820,S2-816073404,S2-796109855,S2-404574019,S2-454466628,S2-381674860,S2-542833040,S2-292974938,S2-256126059,S2-360635375,S2-828868753,S2-142797063,S2-567469512,S3-55329844,S3-717591222,S3-604087567,S3-294479909,S3-203019149,S3-419014750,S3-228768733,S3-320960457,S3-152571144,S3-879317106,S3-126732973,S3-328600980,S3-855714464,S3-811275466,S3-861060119,S3-582977744,S3-1802526,S3-882416744,S3-995595600,S3-514529646
S1-559968662	S2-475278937,S2-551921013,S2-595454337,S2-568632273,S2-695515111,S2-598038924,S2-380782645,S2-655007656,S2-624660137,S2-282913892,S2-198479719,S2-773064412,S2-910540034,S2-136986006,S2-70099951,S2-113031911,S2-387963069,S2-62589627,S2-366520707,S2-289209977,S3-967808033,S3-447703604,S3-629087357,S3-676364544,S3-32084554,S3-520048212,S3-961373067,S3-283083876,S3-41185159,S3-254633845,S3-309235859,S3-33553813,S3-371606907,S3-7141075,S3-864815281,S3-205959249,S3-560585431,S3-539839916,S3-182239729,S3-564633375
S1-964877324	S2-297322652,S2-860069875,S2-894946183,S2-788733213,S2-527941385,S2-818089791,S2-986901753,S2-739904100,S2-568029722,S2-861189502,S2-351383404,S2-474182304,S2-796408256,S2-229056887,S2-992470000,S2-187358312,S2-699089196,S2-167787568,S2-945369040,S2-298997113,S3-802136314,S3-712372256,S3-505452646,S3-598981999,S3-415636802,S3-745474471,S3-426491356,S3-31046102,S3-757945145,S3-833031043,S3-513596194,S3-422541972,S3-467610234,S3-672260076,S3-694146785,S3-426203231,S3-199879723,S3-244223021,S3-137845652,S3-108577506
S1-883416047	S2-100515888,S2-591519148,S2-80200813,S2-205630407,S2-636605205,S2-415977821,S2-214929451,S2-635258386,S2-453862802,S2-185739053,S2-85633962,S2-121321310,S2-874067838,S2-753945924,S2-511810927,S2-420446203,S2-449815944,S2-965136001,S2-547702868,S2-849187717,S3-995708641,S3-91622820,S3-506840309,S3-724694698,S3-444223551,S3-417850387,S3-679867912,S3-204940348,S3-358267714,S3-902755412,S3-870662617,S3-733457133,S3-642292681,S3-662721327,S3-226393399,S3-302293791,S3-383472275,S3-492854667,S3-552213757,S3-112497194
S1-182458975	S2-471784984,S2-972146994,S2-799526010,S2-498466307,S2-80777286,S2-519283641,S2-191737075,S2-609132580,S2-177051208,S2-239951241,S2-369174145,S2-944294821,S2-262492797,S2-700096127,S2-235571125,S2-901133241,S2-353538122,S2-120921891,S2-990897950,S2-174196074,S3-357069895,S3-165406608,S3-641030595,S3-927664947,S3-418028093,S3-589431959,S3-538203806,S3-187125497,S3-723763017,S3-15513531,S3-834620560,S3-484527972,S3-349282697,S3-67126417,S3-993467614,S3-983036048,S3-402321197,S3-97110107,S3-358955723,S3-84270921
S1-339269492	S2-854029599,S2-769905076,S2-615640454,S2-862214053,S2-78762502,S2-336195802,S2-81112203,S2-24805160,S2-546637125,S2-463002027,S2-649935661,S2-969023567,S2-2828558,S2-886117102,S2-318510425,S2-158507900,S2-169854233,S2-649318572,S2-752109448,S2-154444962,S3-854752813,S3-613135619,S3-389237376,S3-422367488,S3-768149648,S3-346539690,S3-809305235,S3-310433228,S3-387712949,S3-6085532,S3-703817688,S3-943899604,S3-367321686,S3-337722513,S3-101208990,S3-997091699,S3-8927813,S3-183070736,S3-682237945,S3-758543658
S1-621676240	S2-718847609,S2-144070261,S2-764866076,S2-639569899,S2-22923057,S2-377864933,S2-843734671,S2-834623386,S2-969216460,S2-553368798,S2-480412391,S2-739100720,S2-739144399,S2-83047915,S2-37456919,S2-712223186,S2-321234859,S2-566513871,S2-8186706,S2-500742070,S3-548529118,S3-911262210,S3-682783343,S3-47035245,S3-789626603,S3-646547625,S3-413129922,S3-527476688,S3-68550204,S3-706932998,S3-360852380,S3-268704189,S3-434147982,S3-7863761,S3-423063770,S3-527958833,S3-433205368,S3-313275806,S3-165121520,S3-53599473
S1-103138354	S2-905771221,S2-921360053,S2-224738827,S2-19159433,S2-77284265,S2-421938319,S2-296641783,S2-327175323,S2-515100149,S2-197438517,S2-170578935,S2-173768479,S2-219268710,S2-482580620,S2-997491814,S2-961109069,S2-784721372,S2-507231399,S2-649835438,S2-588949493,S3-496171168,S3-897475634,S3-148718062,S3-613405618,S3-480848531,S3-731559759,S3-547315047,S3-916873450,S3-208189250,S3-377861,S3-168969284,S3-58629609,S3-118834632,S3-315844937,S3-449881274,S3-601186337,S3-637425957,S3-954226427,S3-103091121,S3-551180468
S1-279963953	S2-430083753,S2-596905453,S2-555274307,S2-63633772,S2-90400523,S2-658860133,S2-596856473,S2-334362501,S2-153993953,S2-840144902,S2-174267507,S2-789764739,S2-461812372,S2-660050445,S2-415194033,S2-757903279,S2-338306388,S2-84605393,S2-420867802,S2-307297841,S3-122618306,S3-509187392,S3-329168372,S3-478022590,S3-520469768,S3-721761087,S3-580723294,S3-36442761,S3-441030787,S3-390122956,S3-942910587,S3-968239933,S3-563962142,S3-585634379,S3-604691447,S3-189889195,S3-117232718,S3-919552370,S3-785281016,S3-466523313
S1-317707487	S2-139790355,S2-892923204,S2-244698568,S2-486356063,S2-998995214,S2-238455447,S2-217238999,S2-452898435,S2-893780823,S2-653170843,S2-470202940,S2-190509926,S2-843661889,S2-904736933,S2-333160718,S2-850224448,S2-599045448,S2-631477571,S2-655365326,S2-477601347,S3-934516908,S3-138302151,S3-845943283,S3-593183388,S3-456242770,S3-734988689,S3-8767041,S3-209162351,S3-605836586,S3-129328008,S3-114297940,S3-149019089,S3-595371932,S3-635826736,S3-803847788,S3-253230083,S3-298755496,S3-166135217,S3-333515530,S3-243484667
S1-391244573	S2-985265930,S2-198428250,S2-149519174,S2-102062709,S2-784118055,S2-161090510,S2-856979001,S2-967038518,S2-235475154,S2-754104378,S2-482821645,S2-98070205,S2-734774325,S2-80522948,S2-201777207,S2-738464531,S2-561090867,S2-576829882,S2-337650225,S2-601111005,S3-12512529,S3-260946793,S3-206378351,S3-86054732,S3-869750705,S3-98946891,S3-926772527,S3-518504531,S3-440589045,S3-578530498,S3-454284148,S3-985667163,S3-212600677,S3-842491526,S3-986163673,S3-690809999,S3-939885357,S3-983571439,S3-839361612,S3-986333913
S1-603458137	S2-826758502,S2-843725986,S2-795868119,S2-704432461,S2-835215549,S2-858600226,S2-794278176,S2-953116334,S2-667267351,S2-140078601,S2-191205690,S2-157465092,S2-628888703,S2-567292944,S2-924336888,S2-367165967,S2-388786161,S2-852812761,S2-550653968,S2-368526173,S3-372137843,S3-649030755,S3-131933643,S3-467088022,S3-118634330,S3-545853950,S3-513996322,S3-811931307,S3-300167586,S3-758721750,S3-954863980,S3-534188692,S3-8737496,S3-329186848,S3-80000045,S3-37484401,S3-293343648,S3-30075184,S3-20327121,S3-80503897
S1-429550703	S2-711015484,S2-853067319,S2-682253147,S2-87141904,S2-851443197,S2-166582012,S2-658916143,S2-783985107,S2-984618689,S2-539514397,S2-799541746,S2-614712353,S2-214955076,S2-749968310,S2-826422823,S2-925579471,S2-458137622,S2-125546698,S2-281516057,S2-440104204,S3-927535006,S3-996120412,S3-307649572,S3-493366855,S3-514745077,S3-521496466,S3-745062105,S3-297091394,S3-885926420,S3-399924646,S3-268868525,S3-65281549,S3-195240106,S3-455203015,S3-459802791,S3-725681229,S3-78466719,S3-847902959,S3-997265154,S3-537834628
S1-302219416	S2-785409928,S2-790080617,S2-845064896,S2-546071752,S2-355135493,S2-412969510,S2-612793834,S2-330058157,S2-305791271,S2-968880515,S2-258636086,S2-352650074,S2-331855041,S2-10952957,S2-676390111,S2-468276093,S2-63588677,S2-580129281,S2-66513172,S2-830250358,S3-448378941,S3-948352578,S3-305745015,S3-405870082,S3-715389618,S3-999122472,S3-284848507,S3-966221742,S3-763389017,S3-195051892,S3-107051372,S3-833919217,S3-907937362,S3-53690135,S3-313245527,S3-236437595,S3-564989739,S3-608345414,S3-326961080,S3-113412667
S1-693956169	S2-743611656,S2-323942240,S2-573403688,S2-991019125,S2-455341551,S2-234065863,S2-790344339,S2-381678282,S2-98889665,S2-837907635,S2-381077761,S2-708535975,S2-62703710,S2-480937386,S2-841531179,S2-665607256,S2-838595741,S2-260079733,S2-125631700,S2-754948910,S3-734747152,S3-572176821,S3-697019034,S3-511029105,S3-799761152,S3-446938973,S3-885462891,S3-133198351,S3-83556420,S3-979190699,S3-758523484,S3-184929784,S3-888986020,S3-533908288,S3-576540657,S3-843774856,S3-697182716,S3-319564119,S3-158851319,S3-563662688
S1-837916944	S2-137901846,S2-576153328,S2-38472073,S2-260794285,S2-179380437,S2-795664994,S2-68825976,S2-749776908,S2-422356727,S2-195633990,S2-959254983,S2-881331999,S2-12927066,S2-521985477,S2-676131215,S2-315914893,S2-905861063,S2-223266096,S2-630783962,S2-671788102,S3-270279909,S3-617015812,S3-241419187,S3-298621601,S3-649560302,S3-105238779,S3-319754807,S3-645362908,S3-365376548,S3-304215038,S3-582077735,S3-554074334,S3-564760916,S3-955521439,S3-187309809,S3-339931700,S3-57867301,S3-669234635,S3-827225969,S3-430108463
S1-336786786	S2-782602755,S2-551496984,S2-828441604,S2-759810750,S2-623445498,S2-875254141,S2-990951552,S2-728352511,S2-426617325,S2-335127360,S2-248359843,S2-357615540,S2-16343901,S2-771990403,S2-347916894,S2-314981388,S2-243204851,S2-676675041,S2-855273,S2-759570887,S3-659005101,S3-478248290,S3-749530185,S3-732495097,S3-86616770,S3-857392225,S3-342569937,S3-251522598,S3-70848467,S3-367433352,S3-827756442,S3-122285959,S3-297255630,S3-976626436,S3-742415893,S3-798015716,S3-29975902,S3-172468018,S3-444003796,S3-523126467
S1-800911534	S2-122013824,S2-97367999,S2-126938879,S2-717670334,S2-323492898,S2-959742970,S2-148144634,S2-103762621,S2-893742391,S2-122861412,S2-825197635,S2-368099341,S2-581645873,S2-209534431,S2-936133707,S2-79025573,S2-199021860,S2-576246288,S2-51758432,S2-461147047,S3-338816656,S3-800070274,S3-518298420,S3-664844869,S3-983207313,S3-284891286,S3-639499359,S3-925938220,S3-455756567,S3-201801984,S3-377227948,S3-626167604,S3-298276174,S3-427464942,S3-497102908,S3-184934266,S3-31719237,S3-611660566,S3-121879323,S3-613185838
S1-181883447	S2-744380016,S2-147441083,S2-823528575,S2-517892002,S2-121736407,S2-175316735,S2-908747110,S2-37774064,S2-11764648,S2-316291152,S2-637165075,S2-306585636,S2-308666617,S2-706340383,S2-561066233,S2-638283084,S2-653606436,S2-772195428,S2-81341221,S2-207106183,S3-642855094,S3-797900008,S3-632153046,S3-685453135,S3-636181764,S3-972750483,S3-809370649,S3-867083701,S3-929873066,S3-724531992,S3-865741213,S3-632276020,S3-832172990,S3-330447614,S3-111467425,S3-247930396,S3-879367019,S3-491861993,S3-911199916,S3-167067930
S1-1433093	S2-602193918,S2-216040829,S2-35053080,S2-755075349,S2-195840093,S2-512689166,S2-791694499,S2-418861086,S2-191378430,S2-145772427,S2-569681566,S2-17389169,S2-682575290,S2-344584254,S2-498209197,S2-485630500,S2-25722213,S2-916712813,S2-420061310,S2-805068624,S3-22554814,S3-909766252,S3-476791855,S3-587659706,S3-870867359,S3-740246017,S3-820442431,S3-451397370,S3-936114747,S3-299976202,S3-999277794,S3-188062473,S3-190996769,S3-458678280,S3-131050526,S3-609510738,S3-690068633,S3-193036878,S3-377088135,S3-987067080
S1-733472967	S2-189135541,S2-67750155,S2-741851788,S2-546154473,S2-700336482,S2-871683148,S2-71354976,S2-893334079,S2-408142091,S2-274294369,S2-684996368,S2-315210913,S2-388869024,S2-530120378,S2-701442656,S2-437773595,S2-669250441,S2-970894647,S2-809400691,S2-203862995,S3-750137424,S3-285474466,S3-40862603,S3-190874988,S3-709743023,S3-904159173,S3-235504520,S3-176828085,S3-404875950,S3-488775021,S3-420153400,S3-434825929,S3-851673454,S3-230566288,S3-974216382,S3-617601111,S3-803452542,S3-99765624,S3-524079353,S3-232613120
S1-89100953	S2-972087927,S2-327710641,S2-140503523,S2-591818047,S2-67088156,S2-918320122,S2-151422142,S2-513200248,S2-453688563,S2-128268349,S2-803302415,S2-243154189,S2-271397167,S2-368503018,S2-625665790,S2-510593003,S2-943550088,S2-80734166,S2-863758000,S2-912155232,S3-813639175,S3-487536357,S3-830129258,S3-619913259,S3-517804847,S3-157622586,S3-812929764,S3-810939048,S3-958657712,S3-386705985,S3-562791827,S3-427464942,S3-597416169,S3-700373116,S3-341497628,S3-930304754,S3-471983042,S3-650247863,S3-769854990,S3-398009228
S1-848293840	S2-666834932,S2-212068658,S2-51745472,S2-671989856,S2-168718522,S2-561742686,S2-867611180,S2-134320661,S2-427505313,S2-451078785,S2-306741077,S2-258946392,S2-787427009,S2-274230078,S2-895174892,S2-335168034,S2-299721183,S2-752927289,S2-637336939,S2-183109534,S3-612340803,S3-684013034,S3-64778541,S3-539536988,S3-864791960,S3-672267921,S3-563597918,S3-604516407,S3-899928834,S3-388787994,S3-727064972,S3-347620157,S3-479038054,S3-800084311,S3-315952072,S3-216184599,S3-96005225,S3-419956827,S3-28994427,S3-883315269
S1-17003766	S2-13072938,S2-268092511,S2-618207116,S2-790145633,S2-345065620,S2-399569338,S2-548116015,S2-513891007,S2-251860012,S2-452245743,S2-889433589,S2-108209369,S2-929519887,S2-734060241,S2-751937323,S2-795638586,S2-762766956,S2-638529781,S2-887896912,S2-47595061,S3-28204129,S3-695482562,S3-233941087,S3-529757396,S3-412486451,S3-868927600,S3-984151862,S3-838144530,S3-455546969,S3-845445437,S3-632188745,S3-213603178,S3-361518914,S3-603965323,S3-981683052,S3-646742711,S3-847563810,S3-968626609,S3-752929433,S3-828053880
S1-915512126	S2-19831491,S2-821773705,S2-865717916,S2-63997984,S2-978004929,S2-45275563,S2-732018731,S2-405096340,S2-204964383,S2-667653836,S2-287744487,S2-322334460,S2-460419258,S2-722716391,S2-51698332,S2-406495539,S2-927463775,S2-425901664,S2-114389336,S2-694685464,S3-579763186,S3-890982723,S3-431096137,S3-250272954,S3-558739245,S3-454648594,S3-481751910,S3-822721678,S3-236141437,S3-913382030,S3-721411700,S3-902727155,S3-612315147,S3-12589144,S3-605723730,S3-245779541,S3-334753725,S3-803425281,S3-523668591,S3-804222653
S1-901504091	S2-636275568,S2-513824978,S2-233516408,S2-628755358,S2-575432786,S2-918773539,S2-351325012,S2-508252114,S2-149852320,S2-335565564,S2-402829419,S2-755866857,S2-554648571,S2-149658001,S2-240825627,S2-912123455,S2-954483216,S2-538908304,S2-558187051,S2-564596600,S3-433821912,S3-853090776,S3-982377947,S3-697250857,S3-265978307,S3-984455002,S3-906176808,S3-32596116,S3-144849095,S3-8972111,S3-925928023,S3-890843575,S3-668629842,S3-753516532,S3-239638476,S3-737535353,S3-220229787,S3-776049557,S3-168909872,S3-82855471
S1-724741475	S2-493826617,S2-708194377,S2-585531960,S2-283641440,S2-633113320,S2-549077075,S2-103549407,S2-873787361,S2-848989386,S2-576319700,S2-86506454,S2-531970186,S2-6660120,S2-291838259,S2-839472548,S2-118710802,S2-618422190,S2-450774271,S2-155216313,S2-910878759,S3-196685831,S3-32981053,S3-150648359,S3-345033405,S3-192074497,S3-995343102,S3-320920799,S3-397859829,S3-771782515,S3-20953961,S3-625230034,S3-307789908,S3-898330195,S3-97732517,S3-26059223,S3-989605286,S3-794713116,S3-983809952,S3-539607541,S3-414492171
S1-851421910	S2-988078577,S2-213473496,S2-221643753,S2-799797563,S2-167815902,S2-92913380,S2-879679933,S2-313422054,S2-699116648,S2-673065496,S2-357438552,S2-830388848,S2-77536463,S2-481813955,S2-607810296,S2-927979481,S2-187043111,S2-912256210,S2-4288502,S2-960161008,S3-8445756,S3-522766280,S3-918044213,S3-67520421,S3-198561005,S3-393601740,S3-683064127,S3-265013957,S3-341813132,S3-155547479,S3-908403706,S3-709943359,S3-905048688,S3-916186113,S3-294900837,S3-362006003,S3-648059842,S3-40407022,S3-186494557,S3-488830012
S1-430298053	S2-261227768,S2-814056191,S2-390561860,S2-341861496,S2-706548751,S2-697767618,S2-369785818,S2-398155221,S2-915680535,S2-540194268,S2-584160493,S2-54342707,S2-186222453,S2-985193245,S2-747285616,S2-352406402,S2-807607627,S2-231719166,S2-83775732,S2-827982690,S3-937901603,S3-798958162,S3-947057760,S3-301420623,S3-906044571,S3-912082547,S3-534683320,S3-661006315,S3-796950220,S3-954379233,S3-774154355,S3-90247017,S3-357229977,S3-130005890,S3-508197711,S3-486301243,S3-770472534,S3-936888058,S3-227111841,S3-544126199
S1-307277652	S2-728352511,S2-875254141,S2-248359843,S2-16343901,S2-314981388,S2-88560854,S2-692565319,S2-130169612,S2-335127360,S2-19724195,S2-740951662,S2-623445498,S2-259554507,S2-100405043,S2-204785387,S2-678981366,S2-828441604,S2-189128065,S2-782602755,S2-551496984,S3-732495097,S3-172468018,S3-976626436,S3-367433352,S3-749530185,S3-383995381,S3-857392225,S3-122285959,S3-680851246,S3-195388810,S3-616333091,S3-722680365,S3-297255630,S3-127808878,S3-659005101,S3-593122258,S3-472015903,S3-251522598,S3-742415893,S3-791680988
S1-503010787	S2-101536541,S2-584492860,S2-645051716,S2-658222813,S2-725727102,S2-236543422,S2-202962481,S2-207433651,S2-534434693,S2-240363643,S2-495440757,S2-709441468,S2-556201926,S2-828853188,S2-501731011,S2-882172155,S2-553648515,S2-597694282,S2-510604820,S2-491065057,S3-911614115,S3-165078955,S3-289942210,S3-203254967,S3-898453800,S3-581807672,S3-633801067,S3-753892347,S3-960006247,S3-169007525,S3-88251532,S3-934065775,S3-529340641,S3-634684541,S3-527943654,S3-327508728,S3-798438105,S3-601210579,S3-76269239,S3-59742295
S1-520627257	S2-569382870,S2-500103993,S2-735500569,S2-681026174,S2-406599731,S2-842331058,S2-245484295,S2-102557511,S2-285861491,S2-505422777,S2-586051088,S2-713787233,S2-883680409,S2-765515771,S2-226598458,S2-896874492,S2-606339225,S2-675190133,S2-13976532,S2-29927731,S3-384425649,S3-476486461,S3-562975964,S3-823106418,S3-218394135,S3-527256328,S3-563983126,S3-349312503,S3-223111764,S3-978720211,S3-568200946,S3-586174498,S3-946713564,S3-176748293,S3-139726492,S3-819732305,S3-375564900,S3-138090083,S3-628988476,S3-497366457
S1-667272642	S2-217260065,S2-259426163,S2-967309356,S2-847014050,S2-591191259,S2-589581903,S2-243654208,S2-13460877,S2-120835517,S2-381420816,S2-928464334,S2-935508356,S2-350606092,S2-199419573,S2-444614067,S2-906923127,S2-775586705,S2-707957876,S2-275299832,S2-665607256,S3-461344675,S3-38392778,S3-793953302,S3-890977034,S3-256761809,S3-758523484,S3-71905354,S3-670167142,S3-441881659,S3-821780659,S3-520179200,S3-867447121,S3-877760907,S3-209257221,S3-848148694,S3-993311695,S3-787984870,S3-885462891,S3-416888917,S3-461833848
S1-827961773	S2-980731603,S2-318568249,S2-523951310,S2-983456926,S2-569891847,S2-282534895,S2-381495092,S2-611386531,S2-751270171,S2-52880044,S2-480774512,S2-567469512,S2-135506804,S2-672257221,S2-733293933,S2-24412925,S2-109355538,S2-837580434,S2-364299259,S2-645486724,S3-838468109,S3-488733878,S3-542824123,S3-672963678,S3-838341478,S3-990960935,S3-221559300,S3-200210443,S3-20537240,S3-538366786,S3-465770006,S3-506226672,S3-852429782,S3-310262206,S3-205931026,S3-795802294,S3-964748160,S3-361135873,S3-668744377,S3-160580124
S1-255349799	S2-286767539,S2-550697952,S2-853325726,S2-610585136,S2-595536825,S2-180634553,S2-909909380,S2-142316680,S2-824881345,S2-987126275,S2-828739074,S2-862470165,S2-536346493,S2-582318854,S2-627613508,S2-711750386,S2-576507252,S2-81988289,S2-932237865,S2-780571485,S3-514031579,S3-310018382,S3-547843168,S3-567726088,S3-301242921,S3-763798872,S3-510818396,S3-115609584,S3-203051196,S3-218571667,S3-77919636,S3-864359294,S3-92697671,S3-177346178,S3-346153918,S3-443791283,S3-708246473,S3-736779985,S3-33600284,S3-310482630
S1-418524279	S2-274657814,S2-465451543,S2-346644481,S2-341894354,S2-566051128,S2-739699756,S2-532136590,S2-270858885,S2-494236398,S2-98669054,S2-407092561,S2-244461000,S2-912213715,S2-899944352,S2-918689377,S2-637136663,S2-394537617,S2-137707160,S2-927296727,S2-206427236,S3-34670301,S3-838506895,S3-908540664,S3-13473302,S3-356658626,S3-173314585,S3-965712530,S3-181462745,S3-744989668,S3-667983095,S3-370893767,S3-917051307,S3-741711866,S3-759036453,S3-214345180,S3-236867435,S3-19838300,S3-368711513,S3-17928427,S3-139824460
S1-661144640	S2-846317662,S2-606608228,S2-449133244,S2-954825010,S2-993959978,S2-727111603,S2-499299724,S2-107272647,S2-670795197,S2-313348476,S2-350091995,S2-565744021,S2-834245029,S2-420714339,S2-185048111,S2-884956547,S2-107557903,S2-78934451,S2-722757933,S2-689802904,S3-517738761,S3-903697944,S3-371325224,S3-762804190,S3-435610479,S3-60157391,S3-192713652,S3-150255606,S3-754142148,S3-329883468,S3-823344165,S3-261054764,S3-159044280,S3-169443509,S3-61892529,S3-588229096,S3-315221796,S3-456739195,S3-158535190,S3-193833650
S1-892745196	S2-326438071,S2-320054970,S2-76046057,S2-312481734,S2-273249988,S2-773202821,S2-955650037,S2-640819159,S2-685552893,S2-724862220,S2-400103420,S2-752848567,S2-631174413,S2-397543641,S2-702887315,S2-610334953,S2-862623199,S2-752872034,S2-24792261,S2-278620569,S3-88121912,S3-223033947,S3-226853807,S3-530568287,S3-673737130,S3-963706837,S3-527545290,S3-434050973,S3-419242883,S3-349927888,S3-767761052,S3-616330469,S3-875387990,S3-849244723,S3-964012757,S3-912586587,S3-584743433,S3-249378290,S3-120319456,S3-540144811
S1-751409146	S2-116928397,S2-5279712,S2-441093541,S2-151025999,S2-601677778,S2-825158584,S2-233827881,S2-599927576,S2-207134386,S2-307297841,S2-438748930,S2-292256470,S2-611266327,S2-212086001,S2-410275765,S2-179727257,S2-921305388,S2-589146826,S2-20886604,S2-872762804,S3-285156437,S3-596575988,S3-426750304,S3-47840646,S3-955423980,S3-635826736,S3-138302151,S3-313657320,S3-477777318,S3-700022633,S3-421773320,S3-456242770,S3-525677271,S3-450161436,S3-201837476,S3-298755496,S3-604691447,S3-845943283,S3-939966502,S3-454936296
S1-13506955	S2-500690532,S2-794023455,S2-321409000,S2-402714269,S2-982874098,S2-553510214,S2-780745492,S2-195598385,S2-267535144,S2-319267041,S2-238498535,S2-176849954,S2-140240298,S2-815660913,S2-100922260,S2-905126703,S2-523622639,S2-751140449,S2-552014810,S2-877430334,S3-873813067,S3-355784600,S3-699059122,S3-970063284,S3-707975752,S3-244057525,S3-454758935,S3-220614352,S3-333440534,S3-700785466,S3-515551240,S3-898305988,S3-260948177,S3-694938290,S3-267792589,S3-273067178,S3-131075602,S3-229912317,S3-867363732,S3-394082629
S1-262020943	S2-599804370,S2-505954999,S2-283876454,S2-886091006,S2-804812974,S2-770527685,S2-508590881,S2-705358243,S2-38737607,S2-356273620,S2-726217677,S2-953493960,S2-477326893,S2-278041832,S2-565874159,S2-436948725,S2-270676991,S2-790291737,S2-527652973,S2-875026022,S3-710093421,S3-194625482,S3-273048833,S3-887026117,S3-153594265,S3-125232243,S3-344773389,S3-979342182,S3-124037808,S3-806116045,S3-894267600,S3-679121146,S3-660786653,S3-851735576,S3-43025942,S3-225473682,S3-489769342,S3-508355831,S3-628316209,S3-666556654
S1-746909581	S2-482932676,S2-112305359,S2-21118178,S2-233149760,S2-537111308,S2-204027871,S2-565681114,S2-743869124,S2-864038578,S2-120029490,S2-643011427,S2-81038849,S2-418568794,S2-679588281,S2-217091750,S2-9278111,S2-350386359,S2-664910746,S2-749258736,S2-681710089,S3-668200510,S3-283592810,S3-117184535,S3-375867080,S3-498433392,S3-719276602,S3-164280262,S3-910144539,S3-264396683,S3-708906322,S3-517280044,S3-398915685,S3-167416646,S3-429952239,S3-173499297,S3-509825670,S3-788131762,S3-638939641,S3-284465364,S3-814147716
S1-481776787	S2-935296845,S2-758458424,S2-351524653,S2-969679435,S2-775333696,S2-11586692,S2-632431295,S2-240306760,S2-663665747,S2-552619523,S2-318857418,S2-705609077,S2-652813485,S2-306953113,S2-273093864,S2-387488749,S2-614636774,S2-985176518,S2-823721393,S2-145031699,S3-507479043,S3-903561652,S3-85313455,S3-844627489,S3-987539864,S3-735700351,S3-340907344,S3-544438666,S3-304421252,S3-314780629,S3-525108693,S3-873645752,S3-980889386,S3-85829676,S3-361455587,S3-3473610,S3-484766274,S3-694780852,S3-580000097,S3-546809841
S1-870654726	S2-51866428,S2-551201387,S2-763081437,S2-773760290,S2-25083274,S2-39586278,S2-967632283,S2-571702479,S2-659017846,S2-154115208,S2-341563946,S2-974497550,S2-955883357,S2-105188968,S2-751692547,S2-450847813,S2-806627099,S2-37158882,S2-776639665,S2-923120182,S3-356449608,S3-707693420,S3-724223953,S3-133245655,S3-654106334,S3-804841923,S3-954032722,S3-920959196,S3-281675687,S3-645871579,S3-183660149,S3-88305059,S3-611302121,S3-68558594,S3-166034775,S3-874058487,S3-708016710,S3-816670548,S3-291318269,S3-737955088
S1-459183905	S2-440427819,S2-953716152,S2-195757164,S2-260376700,S2-439680433,S2-832247801,S2-951492245,S2-383220842,S2-512971390,S2-745810167,S2-530569520,S2-386398590,S2-451112267,S2-508127275,S2-493332138,S2-220152592,S2-255488009,S2-144384317,S2-322801390,S2-99901987,S3-257459966,S3-289003688,S3-877953312,S3-869298781,S3-78683435,S3-854951133,S3-119660167,S3-354640063,S3-3727094,S3-898399857,S3-615862145,S3-99066170,S3-238111539,S3-167580191,S3-382648630,S3-190299470,S3-196284015,S3-321284519,S3-507008598,S3-423014971
S1-782456413	S2-143004935,S2-646173838,S2-333281190,S2-447240298,S2-907641082,S2-84294594,S2-15748596,S2-943840371,S2-99909525,S2-546721594,S2-885192145,S2-592136669,S2-396727683,S2-254237917,S2-548381369,S2-9097586,S2-49050463,S2-493543131,S2-481775373,S2-602303692,S3-637938488,S3-790809563,S3-963171937,S3-127697372,S3-217551178,S3-250365731,S3-876245652,S3-264813938,S3-621440672,S3-831019377,S3-526709055,S3-180112742,S3-449063058,S3-209909877,S3-624060591,S3-383120153,S3-778572005,S3-971181950,S3-147042499,S3-867910656
S1-687813152	S2-345787204,S2-189306822,S2-853723927,S2-61211378,S2-440586145,S2-105188968,S2-224855955,S2-804991552,S2-904059743,S2-967632283,S2-560391334,S2-806627099,S2-474915007,S2-979620869,S2-814283248,S2-42753450,S2-41168629,S2-750710327,S2-957053671,S2-497560184,S3-685779050,S3-408629710,S3-509816410,S3-654106334,S3-228264872,S3-576814111,S3-166034775,S3-183660149,S3-392936042,S3-291318269,S3-984929729,S3-746039513,S3-264744022,S3-552779916,S3-367748112,S3-708016710,S3-239028995,S3-992806420,S3-2782818,S3-576663685
S1-528962373	S2-483181207,S2-72705987,S2-747378033,S2-905319939,S2-551376671,S2-827567256,S2-476350086,S2-465565021,S2-752449504,S2-445104472,S2-613809221,S2-404117069,S2-762212906,S2-942148391,S2-582775205,S2-526949499,S2-750024428,S2-665911660,S2-38347918,S2-147880478,S3-956529663,S3-162626400,S3-960905947,S3-15560873,S3-673217340,S3-258720392,S3-766815643,S3-751725133,S3-327277497,S3-352692826,S3-439749230,S3-627410971,S3-538331776,S3-365843087,S3-773708364,S3-998828261,S3-577324358,S3-907934703,S3-364414385,S3-11993669
S1-133484055	S2-341257859,S2-9239069,S2-650837056,S2-572562003,S2-181679222,S2-726929450,S2-682575290,S2-520322872,S2-410528020,S2-191378430,S2-935957810,S2-686293563,S2-185048111,S2-344584254,S2-554066539,S2-896768736,S2-787159712,S2-851473099,S2-665001124,S2-755075349,S3-793221664,S3-68237177,S3-767488692,S3-542707176,S3-213389426,S3-249338451,S3-766035204,S3-654177357,S3-277971730,S3-188062473,S3-284447814,S3-261157182,S3-266907360,S3-870867359,S3-377088135,S3-878156323,S3-448370552,S3-294283693,S3-794512381,S3-564464453
S1-784673398	S2-701655049,S2-662908024,S2-238445836,S2-423313302,S2-297878087,S2-65017347,S2-509829201,S2-207834463,S2-593595577,S2-923108310,S2-66089939,S2-188699106,S2-977913842,S2-339363122,S2-387588469,S2-977381265,S2-582220635,S2-547574745,S2-373539812,S2-213300952,S3-333453228,S3-293099804,S3-5230341,S3-963862557,S3-694628839,S3-926251983,S3-719434104,S3-181678227,S3-437874495,S3-418710361,S3-748247760,S3-820705857,S3-101544176,S3-811182718,S3-928618219,S3-36762141,S3-59424548,S3-803043821,S3-494960307,S3-667250092
S1-162954117	S2-808873293,S2-357701868,S2-824280292,S2-565247001,S2-355900344,S2-317822683,S2-39141369,S2-145279909,S2-942027050,S2-20467458,S2-395829362,S2-303965764,S2-856700306,S2-783296829,S2-867974324,S2-208918525,S2-347055202,S2-827928491,S2-221657039,S2-413908941,S3-233201952,S3-570017755,S3-189475939,S3-32387908,S3-799128595,S3-971421597,S3-710339284,S3-569423067,S3-145729614,S3-553228322,S3-877696340,S3-238568846,S3-715186323,S3-175443554,S3-332236968,S3-422242645,S3-468363908,S3-365666623,S3-623969210,S3-947508458
S1-547053441	S2-999559647,S2-200120917,S2-246615477,S2-490347285,S2-433923273,S2-184886106,S2-543611248,S2-53381328,S2-726602275,S2-829720000,S2-44565995,S2-726519344,S2-589668952,S2-636397422,S2-361613275,S2-849719412,S2-675478961,S2-813913309,S2-376412317,S2-145547025,S3-225992990,S3-943337372,S3-894725655,S3-949189372,S3-1457387,S3-964416468,S3-196660462,S3-175609958,S3-439268002,S3-628176918,S3-92680874,S3-52653794,S3-590682814,S3-764958521,S3-510341252,S3-439857103,S3-549494795,S3-21242995,S3-152259100,S3-979107492
S1-302536542	S2-446998933,S2-812146543,S2-792048005,S2-496090205,S2-586906337,S2-117655886,S2-636426908,S2-309142747,S2-178717847,S2-978885849,S2-727815106,S2-882619688,S2-770550996,S2-806262591,S2-47814642,S2-350723641,S2-258402714,S2-250632510,S2-102210864,S2-403901838,S3-252729037,S3-108303358,S3-216402538,S3-175489145,S3-979788154,S3-478913193,S3-644665380,S3-429797955,S3-746550474,S3-400812177,S3-221586001,S3-700545098,S3-98195526,S3-605853037,S3-101411968,S3-831124266,S3-144784336,S3-952944339,S3-846130607,S3-591353203
S1-457601305	S2-4655186,S2-690780498,S2-753593579,S2-866750595,S2-932064400,S2-636846612,S2-17847292,S2-404472895,S2-180929012,S2-802854591,S2-465694455,S2-93576451,S2-171791416,S2-103103555,S2-510635651,S2-168777752,S2-917853620,S2-193416733,S2-477615583,S2-38223276,S3-985302341,S3-947407143,S3-446548920,S3-796337435,S3-356665159,S3-485190739,S3-953032746,S3-806470054,S3-874394873,S3-519364668,S3-5939802,S3-722142910,S3-231750147,S3-392304335,S3-119722222,S3-174174429,S3-772766644,S3-279463536,S3-454563600,S3-341722334
S1-488635826	S2-429108578,S2-380367718,S2-193242233,S2-723103941,S2-907022103,S2-140827328,S2-77723575,S2-953069630,S2-204895581,S2-395671932,S2-364583201,S2-580567845,S2-407990681,S2-850645284,S2-824850781,S2-901291128,S2-787620952,S2-693297475,S2-355378370,S2-646910957,S3-925102179,S3-171973454,S3-406025286,S3-160961194,S3-585710641,S3-495716237,S3-366058287,S3-884176566,S3-575450230,S3-934847289,S3-211649020,S3-175307813,S3-906559955,S3-189311961,S3-571795687,S3-473271250,S3-28994427,S3-689534375,S3-589354515,S3-807113367
S1-349698918	S2-114389336,S2-45275563,S2-338536159,S2-133757154,S2-755856824,S2-309504379,S2-949639107,S2-910203728,S2-877961316,S2-171285984,S2-487888821,S2-69347424,S2-19147552,S2-722336377,S2-252225614,S2-763717864,S2-42087213,S2-892385689,S2-118317744,S2-717563623,S3-532313302,S3-239749502,S3-721411700,S3-703816399,S3-464450922,S3-36687551,S3-206078590,S3-837319529,S3-590610861,S3-686832342,S3-979084269,S3-85411520,S3-627348323,S3-804222653,S3-364667235,S3-209933867,S3-863813854,S3-626167604,S3-890982723,S3-333220739
S1-72706873	S2-841322632,S2-48608565,S2-728425809,S2-120730642,S2-195865989,S2-145829387,S2-728117099,S2-9449483,S2-147498899,S2-497030017,S2-631474846,S2-407051214,S2-625593837,S2-684684201,S2-13078428,S2-985931668,S2-4006116,S2-291276360,S2-376908579,S2-702774824,S3-192148621,S3-693720077,S3-325630150,S3-660671710,S3-313116269,S3-135547254,S3-428054373,S3-615985599,S3-450916330,S3-771656165,S3-679509441,S3-362975959,S3-635386084,S3-146959536,S3-933412010,S3-923520333,S3-790509781,S3-914617265,S3-319768723,S3-978687208
S1-78029452	S2-230263014,S2-818622557,S2-454437824,S2-963717016,S2-229523864,S2-702899119,S2-525364281,S2-272486048,S2-328497332,S2-91051514,S2-22634007,S2-227923467,S2-439706580,S2-44874165,S2-969257156,S2-914885746,S2-981340877,S2-119805620,S2-954208641,S2-165142857,S3-27486727,S3-470302601,S3-91155047,S3-710339284,S3-904976376,S3-629256241,S3-254957014,S3-845472315,S3-765689133,S3-574965345,S3-165498277,S3-873460948,S3-273033840,S3-621464905,S3-107775619,S3-394858338,S3-764860937,S3-684618391,S3-889832691,S3-814158876
S1-717385838	S2-815369018,S2-237238180,S2-913687598,S2-162931219,S2-23412536,S2-850097252,S2-840061901,S2-437683436,S2-954483216,S2-204857962,S2-430984136,S2-806174777,S2-558187051,S2-755866857,S2-599459831,S2-361850482,S2-478364454,S2-42340990,S2-92026283,S2-538908304,S3-699659035,S3-842136612,S3-239247619,S3-515547621,S3-328773467,S3-220411640,S3-117921845,S3-114352942,S3-187275334,S3-67585379,S3-641527656,S3-355460853,S3-764097014,S3-147592807,S3-220229787,S3-248604123,S3-763997042,S3-314224815,S3-214395723,S3-256262577
S1-11379912	S2-368448004,S2-742986381,S2-708947382,S2-558096826,S2-83473618,S2-260138348,S2-540208224,S2-62230511,S2-250653068,S2-828180242,S2-404854269,S2-868717995,S2-68703704,S2-508635628,S2-846582814,S2-236543353,S2-713064147,S2-456251773,S2-665281392,S2-249436133,S3-683422818,S3-101950796,S3-154196615,S3-299701671,S3-259527554,S3-774907944,S3-153421555,S3-948919391,S3-596746192,S3-982562785,S3-36935345,S3-220244171,S3-259868595,S3-541392451,S3-139726492,S3-742812273,S3-205000957,S3-827126035,S3-137209638,S3-379094706
S1-655700316	S2-429108578,S2-193242233,S2-380367718,S2-723103941,S2-953069630,S2-907022103,S2-204895581,S2-355378370,S2-718616529,S2-824850781,S2-901291128,S2-580567845,S2-661624901,S2-28080211,S2-326899624,S2-722246594,S2-646910957,S2-983744163,S2-103737875,S2-364583201,S3-925102179,S3-171973454,S3-319396762,S3-697555481,S3-406025286,S3-495716237,S3-160961194,S3-54938694,S3-575450230,S3-211649020,S3-189311961,S3-589354515,S3-689534375,S3-867770577,S3-473271250,S3-884176566,S3-906559955,S3-366058287,S3-585710641,S3-144245264
S1-484349079	S2-211278332,S2-609840648,S2-431624854,S2-959127577,S2-575819292,S2-495907675,S2-620546593,S2-405385278,S2-764146531,S2-204094544,S2-945692868,S2-816876304,S2-930348184,S2-362019249,S2-641798849,S2-849642755,S2-609835816,S2-874062666,S2-59980453,S2-886007943,S3-106213767,S3-138885616,S3-413739582,S3-212450898,S3-651793355,S3-656214240,S3-256642791,S3-630041178,S3-997964049,S3-119199552,S3-548107428,S3-532789569,S3-253707113,S3-902982681,S3-810946712,S3-607255421,S3-164498054,S3-117697560,S3-43628647,S3-526580837
S1-595486290	S2-827839153,S2-566886974,S2-579930082,S2-19896839,S2-65052195,S2-649326597,S2-695505175,S2-748673549,S2-941646355,S2-269248688,S2-490528058,S2-566204709,S2-305550866,S2-101313336,S2-441149101,S2-542854840,S2-46985856,S2-559216956,S2-215763896,S2-955015303,S3-469159671,S3-472094422,S3-683064127,S3-567619836,S3-612464081,S3-778572005,S3-199401204,S3-155547479,S3-144795237,S3-341813132,S3-354939845,S3-381119257,S3-363581716,S3-198561005,S3-484475986,S3-908403706,S3-876245652,S3-522766280,S3-40407022,S3-338933501
S1-889012090	S2-874274019,S2-38938004,S2-301712603,S2-930699643,S2-846662361,S2-251764468,S2-289333226,S2-986233492,S2-739791409,S2-802391597,S2-580586919,S2-758423237,S2-819219612,S2-95165315,S2-205897701,S2-936124307,S2-500871474,S2-439548518,S2-738140598,S2-816021837,S3-896748147,S3-643379143,S3-883139648,S3-803392872,S3-292257272,S3-670107060,S3-881417865,S3-960215486,S3-654259154,S3-900607467,S3-923008611,S3-380819181,S3-810454025,S3-363215471,S3-177982925,S3-805331888,S3-695738818,S3-181254214,S3-518802336,S3-682461332
S1-748500004	S2-488301506,S2-351515999,S2-162931219,S2-875516379,S2-912123455,S2-932262510,S2-934800069,S2-121950175,S2-185739091,S2-669668505,S2-400417494,S2-468258538,S2-319066355,S2-383487924,S2-190471476,S2-955196693,S2-92026283,S2-787548154,S2-878176855,S2-65000526,S3-166085379,S3-295534274,S3-814459801,S3-775585853,S3-873203183,S3-62229412,S3-392841333,S3-273501114,S3-862563956,S3-10168202,S3-693617736,S3-640862812,S3-345302284,S3-545123412,S3-168909872,S3-996839657,S3-338333687,S3-132465778,S3-753516532,S3-187275334
S1-587404171	S2-710659498,S2-485372755,S2-170890750,S2-662123931,S2-486865253,S2-188518804,S2-208492631,S2-27046600,S2-877056507,S2-936976424,S2-65616645,S2-580714536,S2-414932149,S2-254629165,S2-170941898,S2-469637199,S2-513266951,S2-626847771,S2-316275979,S2-21430856,S3-766508075,S3-344639428,S3-726715545,S3-459722947,S3-55402190,S3-597421035,S3-273101005,S3-788700547,S3-565794741,S3-608097412,S3-974009879,S3-569536511,S3-452865607,S3-249279540,S3-288299910,S3-75391523,S3-124046585,S3-702608612,S3-662963777,S3-768660371
S1-986604838	S2-453592051,S2-661977462,S2-797386251,S2-236202105,S2-336974053,S2-836691288,S2-837946438,S2-200860494,S2-576581132,S2-830900772,S2-615138949,S2-971092647,S2-621817204,S2-289239065,S2-997794025,S2-90546857,S2-7793752,S2-491851777,S2-624133172,S2-435712342,S3-357837770,S3-178150254,S3-200420688,S3-720539650,S3-629636592,S3-305758490,S3-413017480,S3-219041197,S3-295650302,S3-9010141,S3-601379705,S3-690597938,S3-728047690,S3-189214163,S3-528910502,S3-425739796,S3-891899299,S3-984916572,S3-679887350,S3-589625714
S1-766408899	S2-792175945,S2-600082969,S2-617587787,S2-422758057,S2-554379842,S2-680760002,S2-532827793,S2-745197573,S2-233306004,S2-873567298,S2-139633705,S2-807440663,S2-392587514,S2-383234170,S2-865145922,S2-254550880,S2-266834478,S2-929941625,S2-350491181,S2-410373631,S3-373380360,S3-940386896,S3-714054761,S3-363665863,S3-993545809,S3-214983663,S3-232783280,S3-139689845,S3-878758658,S3-623635836,S3-621019792,S3-230534960,S3-809227968,S3-7577437,S3-533215747,S3-111780978,S3-347560578,S3-204115708,S3-572852916,S3-701953372
S1-507163415	S2-48497346,S2-461995629,S2-917737785,S2-445428119,S2-658702082,S2-27031787,S2-407062451,S2-731994682,S2-260714852,S2-141040324,S2-904488496,S2-759672370,S2-209375436,S2-27785041,S2-397174275,S2-832882047,S2-917864353,S2-726916905,S2-173907089,S2-283614605,S3-378925714,S3-593147254,S3-932148808,S3-692048154,S3-789326708,S3-306751169,S3-847082646,S3-560618637,S3-176491922,S3-394318886,S3-254387909,S3-354431218,S3-35864775,S3-634668016,S3-357776667,S3-939898559,S3-859923915,S3-724904460,S3-477205161,S3-448776142
S1-873761236	S2-981156356,S2-668214358,S2-377392683,S2-620771668,S2-888564112,S2-992596201,S2-61862037,S2-517834381,S2-309409935,S2-739709248,S2-906517286,S2-797019461,S2-88977929,S2-186906745,S2-557517465,S2-402131518,S2-217753329,S2-452258239,S2-793481204,S2-498004245,S3-725846625,S3-574535488,S3-308083940,S3-686450431,S3-202853894,S3-132593088,S3-632923495,S3-32654056,S3-481390673,S3-519324158,S3-752657851,S3-716255218,S3-190335009,S3-912022905,S3-182017059,S3-646598880,S3-624773882,S3-572589447,S3-573314762,S3-37127314
S1-655802552	S2-282620816,S2-506332239,S2-564982752,S2-341041782,S2-938044779,S2-433577336,S2-879979286,S2-198830105,S2-162171093,S2-72146128,S2-615808911,S2-207921533,S2-797967182,S2-948843095,S2-924089151,S2-835978126,S2-604006110,S2-434787777,S2-381882964,S2-113404124,S3-886284228,S3-300740926,S3-86491747,S3-134024530,S3-530752238,S3-890799546,S3-249118227,S3-819857072,S3-821394542,S3-726523551,S3-167596621,S3-45031997,S3-158517817,S3-914850634,S3-772648438,S3-185241700,S3-53794323,S3-516280445,S3-688013575,S3-12314914
S1-327983313	S2-397848451,S2-403624819,S2-797344923,S2-223464639,S2-347173599,S2-761830769,S2-145584099,S2-307351456,S2-500149479,S2-297479784,S2-69810253,S2-907915171,S2-239724128,S2-270221388,S2-320903178,S2-573750985,S2-991803075,S2-644069382,S2-42374980,S2-468896058,S3-186730884,S3-112312803,S3-203221637,S3-956975292,S3-276143643,S3-916697848,S3-244150106,S3-531046809,S3-91507522,S3-267878152,S3-764398932,S3-609991030,S3-271884669,S3-191800305,S3-596400308,S3-574760491,S3-556524185,S3-186465328,S3-91029906,S3-457214407
S1-77383698	S2-184312863,S2-873367081,S2-336288921,S2-414109268,S2-689731037,S2-828909021,S2-12143053,S2-18373037,S2-139117757,S2-109570497,S2-540054133,S2-620795401,S2-755896296,S2-337075471,S2-70946994,S2-498847231,S2-933934765,S2-374086598,S2-98712145,S2-511809981,S3-509033058,S3-358249200,S3-739936444,S3-461733052,S3-1857324,S3-75257128,S3-242645790,S3-458002269,S3-65006793,S3-219360696,S3-268397330,S3-922355247,S3-182355122,S3-906192197,S3-981469366,S3-117180556,S3-310143925,S3-125015013,S3-33965539,S3-993631499
S1-273531258	S2-806661640,S2-499299724,S2-78934451,S2-846317662,S2-929911816,S2-107272647,S2-670795197,S2-606608228,S2-729915788,S2-834245029,S2-485280761,S2-571232685,S2-298794132,S2-350091995,S2-898271371,S2-420714339,S2-195823531,S2-313348476,S2-431660707,S2-107557903,S3-804274330,S3-903697944,S3-60157391,S3-16568631,S3-403964981,S3-371325224,S3-251109686,S3-158535190,S3-787296825,S3-394653957,S3-315221796,S3-345264778,S3-823344165,S3-169988073,S3-331891761,S3-238009287,S3-456739195,S3-159044280,S3-116934805,S3-706651983
S1-772535560	S2-512359935,S2-862426695,S2-627930224,S2-429797969,S2-36518115,S2-690205102,S2-100841346,S2-553869655,S2-411528886,S2-358238909,S2-991960572,S2-299811060,S2-394788364,S2-633185657,S2-110742572,S2-655350235,S2-434879418,S2-20378414,S2-750729076,S2-330246113,S3-89394172,S3-813090145,S3-70503834,S3-863909205,S3-504004722,S3-795448632,S3-387688245,S3-424851980,S3-10370506,S3-432938711,S3-821436266,S3-349267212,S3-135361400,S3-815855323,S3-76211394,S3-964521591,S3-544832710,S3-882225970,S3-430759882,S3-597938537
S1-598136304	S2-660485757,S2-50554244,S2-554490908,S2-765689508,S2-752024804,S2-36439795,S2-260757931,S2-487434006,S2-483626311,S2-395949690,S2-12372825,S2-286441052,S2-806604723,S2-569183399,S2-679615873,S2-759289732,S2-900571670,S2-352385365,S2-373326432,S2-413305451,S3-96460902,S3-638893089,S3-406440482,S3-48057403,S3-779182689,S3-97700611,S3-71680335,S3-721553352,S3-301925490,S3-74948246,S3-823980960,S3-200634722,S3-908309454,S3-232385421,S3-859705682,S3-798779735,S3-464690569,S3-145663884,S3-920576020,S3-481613503
S1-789788578	S2-983395500,S2-349243375,S2-76088354,S2-892390670,S2-406284100,S2-622193531,S2-937254730,S2-881725903,S2-566774690,S2-454880270,S2-255884645,S2-399756854,S2-914343016,S2-158785873,S2-222595407,S2-261586788,S2-639164140,S2-606172491,S2-608360396,S2-852743893,S3-441979406,S3-814687988,S3-187890909,S3-243816994,S3-77198747,S3-123259237,S3-485680,S3-291744526,S3-302791278,S3-839855697,S3-868363289,S3-535183597,S3-551795170,S3-458136704,S3-756881242,S3-991828294,S3-247867297,S3-990858726,S3-4681575,S3-308698332
S1-346777444	S2-299685676,S2-270064724,S2-736774837,S2-489145488,S2-502764308,S2-973878511,S2-226530519,S2-43284984,S2-361994974,S2-368149184,S2-679602234,S2-230765756,S2-256106360,S2-260549188,S2-941573909,S2-884801565,S2-820201372,S2-76339443,S2-966199289,S2-149832549,S3-689672159,S3-175398984,S3-225312696,S3-933064596,S3-644533135,S3-967823328,S3-715603814,S3-260771856,S3-203031823,S3-594278290,S3-840008618,S3-556923190,S3-108386988,S3-467282506,S3-98152350,S3-598150023,S3-513642511,S3-878055476,S3-815702154,S3-674447275
S1-544222533	S2-760467372,S2-932502376,S2-687975083,S2-923689213,S2-90282614,S2-707029363,S2-900220600,S2-158763449,S2-531652915,S2-638309978,S2-229478482,S2-109811495,S2-668226695,S2-456659291,S2-287402090,S2-636196033,S2-932188608,S2-94270377,S2-136729707,S2-144056913,S3-145729614,S3-302516864,S3-866580997,S3-238568846,S3-32387908,S3-702192442,S3-58465858,S3-254957014,S3-175443554,S3-422242645,S3-505728960,S3-406335797,S3-51144931,S3-545762589,S3-132722092,S3-233201952,S3-189475939,S3-333773609,S3-674234124,S3-979864882
S1-493959729	S2-644329787,S2-906143380,S2-8824189,S2-675442712,S2-236077202,S2-111044839,S2-449462416,S2-821080353,S2-613559472,S2-335112761,S2-793804124,S2-355352021,S2-197392164,S2-266499977,S2-855804524,S2-196104502,S2-474288011,S2-619090572,S2-816205149,S2-904962932,S3-453404850,S3-364837058,S3-816369919,S3-157732099,S3-173401907,S3-538272697,S3-877937171,S3-838377508,S3-913001162,S3-611570936,S3-174253794,S3-169137999,S3-645169822,S3-565817913,S3-103887834,S3-537026154,S3-954710809,S3-465377720,S3-973665746,S3-377331585
S1-430462466	S2-780364055,S2-113385809,S2-994716597,S2-285674395,S2-385509508,S2-719118364,S2-7277083,S2-91134916,S2-107735460,S2-553311255,S2-260519330,S2-412749886,S2-748632697,S2-960043156,S2-66354294,S2-634003633,S2-839049799,S2-755022034,S2-547190813,S2-164515021,S3-130230106,S3-437312591,S3-825049552,S3-896915594,S3-687728280,S3-432194882,S3-307683433,S3-481434145,S3-408625464,S3-267681691,S3-748919063,S3-991519299,S3-179866140,S3-316011971,S3-826567922,S3-177540340,S3-313263470,S3-773528691,S3-283352117,S3-6841808
S1-792204527	S2-51043321,S2-37965766,S2-242342539,S2-335529928,S2-254951209,S2-27807701,S2-600149107,S2-277418860,S2-89973803,S2-505434731,S2-758155746,S2-754864661,S2-747372828,S2-723366124,S2-849850500,S2-932820832,S2-700233887,S2-328536686,S2-871144252,S2-202929334,S3-145729614,S3-674234124,S3-555804508,S3-238568846,S3-32387908,S3-175443554,S3-51144931,S3-866580997,S3-302516864,S3-132722092,S3-30589892,S3-233201952,S3-515502912,S3-702192442,S3-535242912,S3-939386786,S3-397954251,S3-925358080,S3-597439500,S3-282774756
S1-788563249	S2-980731603,S2-381495092,S2-523951310,S2-751270171,S2-525170022,S2-733293933,S2-491724444,S2-611386531,S2-851905646,S2-672741465,S2-569891847,S2-135413086,S2-665327497,S2-52880044,S2-876513920,S2-514162097,S2-318568249,S2-792642549,S2-907641246,S2-577026269,S3-838341478,S3-672963678,S3-785513925,S3-27337700,S3-605361955,S3-54861720,S3-193010580,S3-542824123,S3-990960935,S3-200210443,S3-221559300,S3-94506052,S3-751801930,S3-852429782,S3-192295368,S3-176642513,S3-697772093,S3-964748160,S3-743857866,S3-482609684
S1-198662647	S2-538358423,S2-928598328,S2-453009705,S2-91021671,S2-292148648,S2-471805227,S2-305533645,S2-538214016,S2-164049727,S2-391266764,S2-746347448,S2-45670477,S2-34249659,S2-718360391,S2-794070233,S2-97396949,S2-752005934,S2-333048025,S2-641231429,S2-82257662,S3-171332589,S3-93034073,S3-179845689,S3-394517929,S3-334771935,S3-703086048,S3-537084161,S3-923214881,S3-321628791,S3-241307377,S3-840497128,S3-647823698,S3-3747953,S3-97536863,S3-195511370,S3-718425010,S3-838114556,S3-654741812,S3-252127910,S3-180500346
S1-431137009	S2-367990883,S2-348374318,S2-167912956,S2-618328454,S2-610816900,S2-462511993,S2-499505081,S2-881633366,S2-138095008,S2-618447186,S2-393275002,S2-872219218,S2-245565015,S2-136567547,S2-408268142,S2-520360596,S2-273451063,S2-717016218,S2-973969568,S2-578178657,S3-476181317,S3-616452215,S3-572143343,S3-609821464,S3-97552308,S3-745976816,S3-650147871,S3-339702922,S3-908954983,S3-39736750,S3-414247434,S3-5828623,S3-188832428,S3-739877530,S3-980536247,S3-394026389,S3-814353427,S3-135035048,S3-284530402,S3-630352424
S1-22335277	S2-945016814,S2-516550255,S2-256018084,S2-345710349,S2-458619110,S2-541694475,S2-392006198,S2-63117139,S2-491611666,S2-937149003,S2-564299216,S2-935972906,S2-280992982,S2-627424347,S2-348078914,S2-172191509,S2-883803299,S2-205426379,S2-567628050,S2-974380204,S3-6668760,S3-541662810,S3-649108033,S3-626034570,S3-204525602,S3-785276284,S3-560949908,S3-874139431,S3-365536082,S3-370218068,S3-487077399,S3-552991581,S3-81618303,S3-97069934,S3-303206745,S3-992257597,S3-515235573,S3-618112666,S3-427558134,S3-658784347
S1-291584542	S2-147170539,S2-379254028,S2-630817745,S2-460764523,S2-86707779,S2-596939056,S2-805062970,S2-652356461,S2-911312911,S2-360948016,S2-649878930,S2-364790832,S2-854532458,S2-701358605,S2-450649420,S2-878161099,S2-785901867,S2-320918000,S2-383761972,S2-40174045,S3-407513451,S3-926549661,S3-918214418,S3-344640715,S3-129196886,S3-147559602,S3-109368624,S3-733757981,S3-844267169,S3-593500151,S3-687630090,S3-954470998,S3-738031594,S3-809548655,S3-618543776,S3-890063254,S3-696693948,S3-485833828,S3-898320672,S3-655897654
S1-556611862	S2-57924583,S2-857118247,S2-429881862,S2-840334195,S2-297592809,S2-936127737,S2-258202129,S2-448230173,S2-798329856,S2-917447346,S2-390595254,S2-921609287,S2-209234816,S2-174243806,S2-587132126,S2-905529500,S2-679483668,S2-772913944,S2-159965391,S2-332560311,S3-757968292,S3-793228979,S3-356280827,S3-431440783,S3-759826403,S3-419972694,S3-874187953,S3-670774415,S3-28894650,S3-315695755,S3-21325041,S3-433802709,S3-458191614,S3-66509385,S3-561605703,S3-401350368,S3-514384277,S3-146459465,S3-686680469,S3-985411584
S1-32767080	S2-13634060,S2-195159530,S2-991960572,S2-848179436,S2-710856755,S2-3944482,S2-227417756,S2-299811060,S2-809193134,S2-344937070,S2-66415976,S2-621938573,S2-39872285,S2-434184051,S2-499169323,S2-136898206,S2-691886736,S2-404590687,S2-898682730,S2-225489540,S3-107996711,S3-907062186,S3-869805384,S3-590493604,S3-194882242,S3-476087637,S3-599120803,S3-430759882,S3-162527213,S3-290183479,S3-164725205,S3-734694785,S3-263574637,S3-92206399,S3-239955875,S3-923395604,S3-828823521,S3-135361400,S3-25220460,S3-310222598
S1-242691036	S2-18102685,S2-951216796,S2-854896903,S2-81209869,S2-600423097,S2-954061901,S2-953831807,S2-738421107,S2-94145774,S2-315210913,S2-460964742,S2-196214454,S2-236730713,S2-667315469,S2-622039170,S2-845508407,S2-647228577,S2-382376722,S2-97942412,S2-634068583,S3-227880822,S3-224313775,S3-211765941,S3-373673251,S3-349161692,S3-345910037,S3-291821016,S3-599594730,S3-806387153,S3-53453062,S3-714502270,S3-848425722,S3-721866462,S3-588568401,S3-789388934,S3-738094196,S3-424712681,S3-235504520,S3-75504376,S3-796504321
S1-770890247	S2-886011199,S2-531652915,S2-332055244,S2-21431839,S2-166191366,S2-4159012,S2-636196033,S2-407329686,S2-90282614,S2-900220600,S2-355736542,S2-687975083,S2-202929334,S2-158763449,S2-18432284,S2-456659291,S2-505353387,S2-136729707,S2-638309978,S2-225590309,S3-702192442,S3-145729614,S3-132722092,S3-238568846,S3-302516864,S3-866580997,S3-422242645,S3-32387908,S3-265316806,S3-502119649,S3-715186323,S3-907022311,S3-996976621,S3-58465858,S3-233201952,S3-693924147,S3-189475939,S3-406335797,S3-799128595,S3-757794202
S1-276402071	S2-136975542,S2-711729529,S2-112638667,S2-736753207,S2-18872906,S2-920587005,S2-284319955,S2-839529,S2-107820820,S2-36620953,S2-458484476,S2-29400256,S2-27829849,S2-134956331,S2-425262307,S2-566025912,S2-816073404,S2-833756033,S2-402075700,S2-631028107,S3-674263520,S3-551625275,S3-514529646,S3-166117047,S3-22005218,S3-601999764,S3-730405898,S3-459247065,S3-695241825,S3-506554147,S3-665926990,S3-687471713,S3-138392196,S3-77766630,S3-377422755,S3-885448084,S3-602532064,S3-808432949,S3-733595456,S3-429235190
S1-936869465	S2-231536988,S2-415803058,S2-401975713,S2-879979286,S2-391897182,S2-898340782,S2-99769575,S2-756566131,S2-497315327,S2-75251061,S2-591553125,S2-437247311,S2-293890675,S2-132721834,S2-268265302,S2-743735511,S2-251415267,S2-587983538,S2-294874898,S2-98036361,S3-208551170,S3-578356224,S3-161800995,S3-136619053,S3-165685432,S3-588718313,S3-748405286,S3-606217734,S3-453025706,S3-622637884,S3-697660906,S3-265048125,S3-546845454,S3-470172449,S3-141278392,S3-777030599,S3-167188465,S3-754276993,S3-318303263,S3-201947195
S1-201994316	S2-734286984,S2-63633772,S2-757903279,S2-90400523,S2-840144902,S2-596905453,S2-420867802,S2-689436643,S2-84605393,S2-323071794,S2-645330149,S2-878600920,S2-337354956,S2-461812372,S2-153993953,S2-721023618,S2-338306388,S2-292256470,S2-250936280,S2-878965273,S3-113279201,S3-721761087,S3-189889195,S3-104763969,S3-604691447,S3-387727807,S3-117232718,S3-942910587,S3-509187392,S3-441030787,S3-968239933,S3-678081167,S3-462722911,S3-963348933,S3-974379737,S3-550971959,S3-171662170,S3-775583321,S3-960255017,S3-563962142
S1-905520099	S2-691552163,S2-904059743,S2-273287294,S2-305113800,S2-227065501,S2-606465195,S2-948784403,S2-560391334,S2-866927978,S2-966411188,S2-524287727,S2-934266624,S2-457902892,S2-440586145,S2-286462931,S2-335591348,S2-957053671,S2-763081437,S2-350690640,S2-73252734,S3-138021435,S3-552779916,S3-235447011,S3-710373711,S3-302700508,S3-392936042,S3-746039513,S3-984929729,S3-239028995,S3-752539799,S3-348058065,S3-414579070,S3-576663685,S3-849821847,S3-576814111,S3-654106334,S3-495929002,S3-559259806,S3-458555257,S3-841102088
S1-766655509	S2-164411436,S2-934653449,S2-978193459,S2-143289999,S2-240947445,S2-532991167,S2-284462419,S2-646078621,S2-671119196,S2-453755879,S2-631088052,S2-809801944,S2-532378232,S2-996605554,S2-643544924,S2-591655986,S2-475221902,S2-985314510,S2-685060844,S2-926593422,S3-263830720,S3-714453823,S3-822054535,S3-607093203,S3-732122684,S3-580034444,S3-462723300,S3-707120342,S3-614540693,S3-242482810,S3-271028931,S3-772934100,S3-114352248,S3-604231850,S3-157952784,S3-378335881,S3-806117796,S3-514277129,S3-236618048,S3-759841571
S1-415414688	S2-615475508,S2-903683999,S2-739722805,S2-883785499,S2-182273804,S2-163196023,S2-102842762,S2-685544492,S2-921872992,S2-148067549,S2-26274111,S2-476040629,S2-717813805,S2-732763156,S2-199377315,S2-276862140,S2-855458656,S2-478752933,S2-190855058,S2-492299063,S3-438182899,S3-782897205,S3-1520109,S3-422638742,S3-780233651,S3-179843955,S3-756138914,S3-930377575,S3-459794976,S3-143162876,S3-716585949,S3-867678166,S3-950645498,S3-858213816,S3-421973999,S3-558652409,S3-896678668,S3-37782127,S3-528291616,S3-659228456
S1-133928599	S2-697209928,S2-363789730,S2-659080943,S2-776085512,S2-783355018,S2-544508980,S2-923061026,S2-695151021,S2-955629599,S2-341780681,S2-562809857,S2-652589950,S2-377665768,S2-520446197,S2-793581762,S2-954293089,S2-210128326,S2-612503689,S2-783581893,S2-331301868,S3-978037795,S3-170859479,S3-939236499,S3-443545911,S3-789445280,S3-874391910,S3-903922839,S3-554700151,S3-197081371,S3-804922519,S3-130647528,S3-545595141,S3-494271652,S3-246213234,S3-26486125,S3-831127676,S3-331682865,S3-898629514,S3-735492773,S3-947392982
S1-871112769	S2-822681145,S2-106119694,S2-229349696,S2-744092910,S2-471300498,S2-409007322,S2-243346746,S2-964135117,S2-642379815,S2-220935682,S2-554171228,S2-883108268,S2-429270930,S2-117641198,S2-857226482,S2-188368209,S2-226172365,S2-288571937,S2-186323318,S2-720019531,S3-769885102,S3-238163431,S3-376418561,S3-41869002,S3-98345542,S3-573901923,S3-513911171,S3-936193479,S3-203608044,S3-739591793,S3-739983457,S3-110007737,S3-215233969,S3-519075859,S3-710714509,S3-720361798,S3-409513890,S3-844493194,S3-203298068,S3-274269512
S1-948985690	S2-731641227,S2-461406715,S2-280847874,S2-80539676,S2-300775290,S2-233987232,S2-323877183,S2-530120378,S2-753936822,S2-318490708,S2-437773595,S2-77078041,S2-546154473,S2-315210913,S2-146178681,S2-71354976,S2-684996368,S2-408142091,S2-94272493,S2-669250441,S3-13935745,S3-129765991,S3-99765624,S3-931493078,S3-851673454,S3-170536660,S3-420153400,S3-574132228,S3-72552831,S3-36823905,S3-24111291,S3-986310751,S3-750401690,S3-40862603,S3-734802208,S3-602488655,S3-821065275,S3-498835035,S3-438853019,S3-438411936
S1-653149647	S2-367226491,S2-313955120,S2-849625844,S2-652451674,S2-710254316,S2-530498653,S2-800805329,S2-831865153,S2-769732401,S2-794845202,S2-351586681,S2-516550255,S2-317887701,S2-805068624,S2-552344048,S2-256018084,S2-129761272,S2-591876506,S2-935972906,S2-147962573,S3-192700570,S3-303206745,S3-459694106,S3-975084483,S3-575680850,S3-802988511,S3-734704765,S3-626034570,S3-874139431,S3-773008196,S3-24718286,S3-779444319,S3-365536082,S3-541662810,S3-6668760,S3-848318691,S3-785276284,S3-204525602,S3-220702244,S3-649108033
S1-657251225	S2-657304560,S2-426469563,S2-964261366,S2-293630968,S2-666649032,S2-883500455,S2-540076704,S2-797074835,S2-66819084,S2-489016619,S2-190556054,S2-291951292,S2-887381953,S2-568631985,S2-927979481,S2-897051486,S2-914966490,S2-133042023,S2-381086673,S2-686382968,S3-72149779,S3-817078811,S3-358144277,S3-648059842,S3-354939845,S3-93901134,S3-505677840,S3-709943359,S3-665823069,S3-40407022,S3-152771116,S3-393601740,S3-186494557,S3-366610971,S3-916186113,S3-67520421,S3-908403706,S3-426215040,S3-57277884,S3-362006003
S1-244474490	S2-379787940,S2-679945432,S2-148979182,S2-2641867,S2-774453979,S2-50378172,S2-431975252,S2-391035386,S2-789213227,S2-618329833,S2-237505292,S2-851420870,S2-972465827,S2-849797239,S2-552878160,S2-156945895,S2-915876521,S2-250404194,S2-249276603,S2-774260405,S3-24026143,S3-108587741,S3-631180714,S3-317097221,S3-197809304,S3-594188441,S3-121966215,S3-164211654,S3-8099047,S3-557960950,S3-141776651,S3-48492647,S3-569499618,S3-896510226,S3-49949966,S3-140360211,S3-358249189,S3-400042959,S3-915057445,S3-258396140
S1-857992844	S2-480949290,S2-223276182,S2-928875345,S2-64963081,S2-36906803,S2-870394188,S2-215800567,S2-529623901,S2-877635712,S2-830919961,S2-158681675,S2-187946182,S2-539030750,S2-747459531,S2-652791728,S2-370970630,S2-328944550,S2-97254980,S2-847788097,S2-417743541,S3-187929272,S3-987015226,S3-362209457,S3-765947654,S3-837079914,S3-276048911,S3-718268965,S3-687668592,S3-353259826,S3-636249405,S3-196333237,S3-995315197,S3-724350675,S3-171786414,S3-357277699,S3-232048716,S3-334894977,S3-325312266,S3-822600915,S3-186828534
S1-197043206	S2-28065222,S2-15297238,S2-990799112,S2-882754704,S2-82761959,S2-765145362,S2-187015638,S2-536783146,S2-255009099,S2-392574556,S2-946279837,S2-21907891,S2-880369030,S2-30750304,S2-376535408,S2-374741531,S2-334146331,S2-78782073,S2-985055685,S2-288131153,S3-999335994,S3-232562397,S3-987493603,S3-333851944,S3-359498433,S3-122023673,S3-373329119,S3-752364409,S3-780511885,S3-341555796,S3-569135352,S3-98192207,S3-394273664,S3-776238049,S3-903686249,S3-435304612,S3-26486009,S3-564584480,S3-279153908,S3-872121479
S1-269094403	S2-696370078,S2-319876643,S2-652780677,S2-471251536,S2-421649108,S2-299291365,S2-347200186,S2-818202613,S2-546092629,S2-16343901,S2-189128065,S2-102217837,S2-82016478,S2-607684664,S2-955920670,S2-740951662,S2-363292389,S2-824384473,S2-130169612,S2-290074118,S3-886930898,S3-580658204,S3-997390616,S3-487420241,S3-472015903,S3-367433352,S3-946573121,S3-444003796,S3-722680365,S3-127808878,S3-403629633,S3-680851246,S3-616333091,S3-195388810,S3-343158743,S3-400473669,S3-927703147,S3-70848467,S3-697328572,S3-789935992
S1-355078971	S2-294562240,S2-581613463,S2-72684220,S2-318799519,S2-932237865,S2-928997081,S2-48137694,S2-402998321,S2-180634553,S2-627613508,S2-51693488,S2-824881345,S2-859504505,S2-913916163,S2-550697952,S2-780571485,S2-646167966,S2-403504330,S2-862470165,S2-987126275,S3-453988826,S3-869272551,S3-246903895,S3-478785182,S3-638380686,S3-45826598,S3-324945610,S3-88677290,S3-996787733,S3-942437806,S3-938198076,S3-467148247,S3-37527709,S3-510818396,S3-301242921,S3-547843168,S3-277293975,S3-873790858,S3-763798872,S3-376724504
S1-51627651	S2-305620772,S2-751921067,S2-297898573,S2-682139452,S2-249550570,S2-168108976,S2-892183853,S2-37334607,S2-592220764,S2-265640952,S2-668687915,S2-553561810,S2-447248480,S2-381036664,S2-530753402,S2-745026058,S2-165255024,S2-347839530,S2-97447609,S2-936473016,S3-449496761,S3-275264441,S3-948321994,S3-56268040,S3-840801529,S3-199451265,S3-299416099,S3-519849400,S3-231385884,S3-419110682,S3-504285398,S3-311017815,S3-246032971,S3-442145113,S3-609845444,S3-398601042,S3-205385208,S3-333116803,S3-34067760,S3-752353329
S1-288364156	S2-298339472,S2-986621935,S2-312600715,S2-397868406,S2-449075159,S2-6813149,S2-963803488,S2-347228581,S2-584956305,S2-128801830,S2-640146321,S2-792023005,S2-826790006,S2-527222679,S2-144522770,S2-949370141,S2-345080103,S2-674944336,S2-74351789,S2-173288847,S3-489786335,S3-433001623,S3-472151265,S3-424154886,S3-517453137,S3-753185430,S3-277671198,S3-765192882,S3-233464546,S3-638327343,S3-294974031,S3-725282988,S3-611954606,S3-662753340,S3-545472419,S3-43232873,S3-821820501,S3-817581343,S3-162687258,S3-999673588
S1-500222888	S2-243653627,S2-180608911,S2-826405562,S2-610439446,S2-303227904,S2-119596333,S2-111077066,S2-931565101,S2-252942737,S2-266959208,S2-345973945,S2-791588657,S2-860263602,S2-19284707,S2-941775707,S2-517651936,S2-335297058,S2-365520118,S2-655284304,S2-8204132,S3-658437431,S3-18021823,S3-388145416,S3-608869387,S3-559108022,S3-720452393,S3-598568146,S3-990692276,S3-74923136,S3-644372422,S3-363152490,S3-791196456,S3-927567607,S3-981656206,S3-373374437,S3-116097714,S3-944190628,S3-623551556,S3-607443480,S3-790504242
S1-247274429	S2-658555204,S2-502577706,S2-488587790,S2-252357577,S2-133043449,S2-600947347,S2-113028239,S2-476721040,S2-495179311,S2-984913220,S2-651479454,S2-411275632,S2-951998320,S2-803115494,S2-318372707,S2-106341849,S2-726196608,S2-226026736,S2-287804241,S2-540847359,S3-462954346,S3-278077802,S3-914141610,S3-345363442,S3-971812485,S3-932362388,S3-599148155,S3-118021036,S3-731481673,S3-161676769,S3-476686556,S3-310896472,S3-650602551,S3-194827762,S3-374614489,S3-643130095,S3-627216425,S3-748156390,S3-356798078,S3-116557348
S1-260204874	S2-143635266,S2-63531653,S2-665775709,S2-808576831,S2-317338793,S2-755866309,S2-984611297,S2-703172444,S2-676467679,S2-220449102,S2-540758468,S2-347572841,S2-181041759,S2-836257905,S2-786017687,S2-289412437,S2-311059422,S2-150397121,S2-779120161,S2-318531873,S3-239645053,S3-582674700,S3-543745613,S3-868851418,S3-183927606,S3-849863248,S3-815732391,S3-360682713,S3-932146669,S3-471128711,S3-730526549,S3-776466763,S3-759246888,S3-937356851,S3-481840012,S3-724080816,S3-60823907,S3-114620347,S3-490502117,S3-833798995
S1-511066423	S2-323205883,S2-580129281,S2-830250358,S2-622156585,S2-686264607,S2-474052754,S2-568028008,S2-10952957,S2-286092318,S2-886441714,S2-412969510,S2-968880515,S2-55371613,S2-218741049,S2-468276093,S2-291220260,S2-673540283,S2-389963695,S2-355135493,S2-45569233,S3-779007929,S3-591492307,S3-862186549,S3-966221742,S3-53690135,S3-163434767,S3-479320850,S3-293863909,S3-509997904,S3-116647644,S3-463211464,S3-999122472,S3-833919217,S3-644142812,S3-990240318,S3-905225948,S3-416574056,S3-284848507,S3-448378941,S3-513478682
S1-605505884	S2-165743854,S2-55636069,S2-401196986,S2-740683827,S2-281291849,S2-946581371,S2-37440704,S2-151628773,S2-765915180,S2-591631076,S2-755083962,S2-258765661,S2-219381945,S2-181985125,S2-29406810,S2-616686373,S2-526774219,S2-746217600,S2-696763291,S2-219395915,S3-162914627,S3-633838944,S3-492167001,S3-731426689,S3-511364793,S3-260279784,S3-173037183,S3-498533545,S3-270912400,S3-28107983,S3-313845643,S3-720752803,S3-505170939,S3-51573020,S3-959186076,S3-925257831,S3-784792218,S3-939534975,S3-153815098,S3-16583406
S1-882791035	S2-221989709,S2-302800954,S2-670437611,S2-976760998,S2-505768532,S2-249962597,S2-48044673,S2-321446922,S2-219731897,S2-991504357,S2-553231431,S2-782754578,S2-622967853,S2-315175242,S2-456605697,S2-12440142,S2-274157392,S2-3776152,S2-830717030,S2-899810980,S3-713969358,S3-262716034,S3-947841255,S3-23492958,S3-39323415,S3-584544304,S3-739593807,S3-873093932,S3-174009614,S3-328840791,S3-678576160,S3-868824282,S3-387275929,S3-859706175,S3-839263630,S3-6429946,S3-337256424,S3-571260681,S3-794059297,S3-175379680
S1-868105169	S2-231536988,S2-293890675,S2-75251061,S2-756566131,S2-675250840,S2-294874898,S2-391897182,S2-879979286,S2-587983538,S2-556909433,S2-99769575,S2-685804534,S2-968505057,S2-497315327,S2-686532097,S2-98036361,S2-401975713,S2-625724420,S2-783508513,S2-364330651,S3-588718313,S3-697660906,S3-201947195,S3-141278392,S3-578356224,S3-136619053,S3-73032659,S3-161800995,S3-254758011,S3-876425841,S3-52428523,S3-546845454,S3-748405286,S3-351008570,S3-777030599,S3-165685432,S3-518026783,S3-606217734,S3-453025706,S3-767687984
S1-764707596	S2-109926935,S2-28080211,S2-355378370,S2-824850781,S2-808427861,S2-103737875,S2-693228393,S2-132260715,S2-77723575,S2-931636837,S2-787620952,S2-395671932,S2-193242233,S2-245956900,S2-344366294,S2-661624901,S2-850645284,S2-580567845,S2-140827328,S2-364583201,S3-743551346,S3-495716237,S3-366058287,S3-160961194,S3-227534700,S3-175307813,S3-884176566,S3-934087460,S3-575450230,S3-606768697,S3-689534375,S3-558870882,S3-442354780,S3-211649020,S3-447236069,S3-284591976,S3-267650734,S3-707051505,S3-28994427,S3-281563160
S1-962993818	S2-917903845,S2-21937864,S2-392595553,S2-277596601,S2-442249232,S2-649527645,S2-296040203,S2-572522103,S2-999668425,S2-642549766,S2-974479697,S2-883708885,S2-709517880,S2-396986985,S2-292845680,S2-86895528,S2-396622361,S2-226661564,S2-697209928,S2-622934393,S3-492656918,S3-986290445,S3-166015673,S3-749495375,S3-628797198,S3-978037795,S3-481582517,S3-398663305,S3-525686523,S3-554199347,S3-991362143,S3-507582367,S3-862216151,S3-885399159,S3-598934174,S3-1575254,S3-878811423,S3-888526152,S3-842106836,S3-130647528
S1-608940471	S2-665327497,S2-491724444,S2-751270171,S2-75328302,S2-687464505,S2-61675814,S2-575871394,S2-459485143,S2-25056056,S2-255801161,S2-435422694,S2-184941906,S2-239891269,S2-808640224,S2-703526153,S2-563877126,S2-980731603,S2-654433278,S2-577955573,S2-24412925,S3-141175997,S3-69037052,S3-785513925,S3-388451093,S3-41827073,S3-794107290,S3-717525343,S3-221559300,S3-205931026,S3-527277908,S3-602432909,S3-63567338,S3-542332261,S3-414036886,S3-964748160,S3-973594185,S3-930575545,S3-838341478,S3-176642513,S3-828458114
S1-346760887	S2-960353033,S2-434120071,S2-108785440,S2-168293986,S2-381781206,S2-659537047,S2-682662242,S2-613953997,S2-39547519,S2-607894719,S2-347055202,S2-287402090,S2-147990759,S2-50526254,S2-407216009,S2-973394637,S2-646454645,S2-765978472,S2-738661191,S2-65313786,S3-531724372,S3-715186323,S3-633302932,S3-337568625,S3-519323888,S3-145729614,S3-595024989,S3-712522117,S3-402526583,S3-897852382,S3-245138549,S3-76137429,S3-602384454,S3-239822095,S3-131010220,S3-422242645,S3-866580997,S3-925358080,S3-333773609,S3-896153181
S1-597621907	S2-664108852,S2-935972906,S2-817751216,S2-349043036,S2-692484573,S2-676068687,S2-457753565,S2-697787819,S2-72858303,S2-256092773,S2-637338288,S2-814553631,S2-207673281,S2-458619110,S2-128017625,S2-873537347,S2-180707864,S2-368837926,S2-879315443,S2-225520702,S3-562325209,S3-41426341,S3-42546335,S3-788605514,S3-319697579,S3-875559615,S3-30808005,S3-894324420,S3-161674690,S3-336697476,S3-147352057,S3-474611442,S3-240213533,S3-40454929,S3-772684496,S3-4737266,S3-738493774,S3-670869126,S3-726631477,S3-153964012
S1-36048451	S2-700233887,S2-467136296,S2-654124665,S2-832315012,S2-169345315,S2-846508960,S2-755291840,S2-317010776,S2-614920067,S2-932820832,S2-332055244,S2-21431839,S2-900220600,S2-849850500,S2-846945459,S2-355736542,S2-915815993,S2-241362122,S2-125154678,S2-137722596,S3-238568846,S3-132722092,S3-145729614,S3-866580997,S3-302516864,S3-32387908,S3-397954251,S3-702192442,S3-175443554,S3-674234124,S3-545762589,S3-383567406,S3-533188670,S3-904517161,S3-58465858,S3-597439500,S3-607752074,S3-282774756,S3-571455132,S3-592409761
S1-98985291	S2-613559472,S2-449462416,S2-644329787,S2-335112761,S2-111044839,S2-906143380,S2-8824189,S2-236077202,S2-675442712,S2-821080353,S2-266499977,S2-196104502,S2-355352021,S2-793804124,S2-904962932,S2-619090572,S2-855804524,S2-70578260,S2-315646400,S2-631072122,S3-816369919,S3-453404850,S3-954710809,S3-838377508,S3-364837058,S3-465377720,S3-645169822,S3-157732099,S3-174253794,S3-885179488,S3-553228322,S3-169137999,S3-877937171,S3-565817913,S3-46929237,S3-611570936,S3-860097153,S3-902541845,S3-388981527,S3-862518836
S1-368908513	S2-221238929,S2-266687754,S2-384785674,S2-591481302,S2-806272157,S2-451758190,S2-531512457,S2-916215074,S2-994716597,S2-158920167,S2-918528688,S2-350848683,S2-285674395,S2-163014094,S2-214007551,S2-412749886,S2-385509508,S2-844834468,S2-127655964,S2-102153716,S3-479035160,S3-616820137,S3-890001176,S3-958565956,S3-54659473,S3-794351044,S3-619126989,S3-973395024,S3-165731171,S3-449512754,S3-206588550,S3-641502116,S3-879510519,S3-683741745,S3-864175398,S3-676669131,S3-755612669,S3-849839610,S3-816197176,S3-455211942
S1-504750404	S2-326481594,S2-137736816,S2-901231485,S2-969013975,S2-164454648,S2-152000251,S2-168620107,S2-363884092,S2-142636929,S2-591841231,S2-579413969,S2-565474831,S2-323842677,S2-460240086,S2-947995645,S2-558211503,S2-735227071,S2-890379444,S2-166049173,S2-80318643,S3-121200991,S3-182809268,S3-596342265,S3-390603382,S3-824319384,S3-397401848,S3-347846986,S3-156615112,S3-578260121,S3-306104556,S3-26435838,S3-76340991,S3-309891012,S3-463023353,S3-619367015,S3-176119589,S3-216782237,S3-571230639,S3-380978345,S3-882509848
S1-687138169	S2-86458130,S2-396798918,S2-249770710,S2-399784486,S2-125262185,S2-299399703,S2-696249827,S2-222958423,S2-40384887,S2-172650395,S2-643173613,S2-195727930,S2-299794715,S2-884040388,S2-194377317,S2-22921534,S2-784744321,S2-299460698,S2-63618400,S2-977648373,S3-751695476,S3-935050981,S3-513057872,S3-3918535,S3-346751127,S3-146153653,S3-939718474,S3-236616693,S3-948318989,S3-975520022,S3-135477072,S3-650185528,S3-333543278,S3-490903484,S3-705696248,S3-646804097,S3-648744815,S3-365263615,S3-563643255,S3-808808042
S1-576111952	S2-728635131,S2-364729817,S2-796991793,S2-350512005,S2-992065481,S2-257509648,S2-647059994,S2-42386300,S2-952729281,S2-635214615,S2-25722213,S2-714263938,S2-588085625,S2-210734907,S2-66109651,S2-854348240,S2-273313005,S2-572144264,S2-470558958,S2-905336963,S3-73242104,S3-221573658,S3-393924952,S3-383429854,S3-820560456,S3-435447746,S3-584354283,S3-746024645,S3-361303795,S3-95922329,S3-159905326,S3-349167271,S3-871484337,S3-316364254,S3-324472424,S3-73202453,S3-591877391,S3-33624168,S3-159240678,S3-435335006
S1-907329636	S2-562558756,S2-962866088,S2-20869901,S2-876889991,S2-547317455,S2-221686525,S2-445890930,S2-359127921,S2-311295166,S2-558305944,S2-353769894,S2-376506994,S2-70011762,S2-209243330,S2-842656257,S2-24201244,S2-177140915,S2-181095199,S2-247164142,S2-67550844,S3-295531735,S3-741055102,S3-933225651,S3-512908951,S3-341375283,S3-259462808,S3-872383716,S3-80153253,S3-169993225,S3-873993331,S3-845408009,S3-498828673,S3-263295829,S3-58870075,S3-275678279,S3-126877675,S3-257938207,S3-316254859,S3-21591627,S3-291757151
S1-220372723	S2-24046224,S2-872953423,S2-163009953,S2-434951420,S2-685656311,S2-870596042,S2-941009884,S2-451480263,S2-660730300,S2-909900274,S2-386519334,S2-78044313,S2-620436900,S2-824466212,S2-163257764,S2-135353509,S2-353831891,S2-153054966,S2-293772980,S2-840386934,S3-471499195,S3-177244648,S3-387172395,S3-288082028,S3-872834421,S3-979551252,S3-726438576,S3-593383864,S3-809754562,S3-78070479,S3-738666163,S3-860120315,S3-439712116,S3-257864093,S3-983807702,S3-629277235,S3-986577218,S3-374175510,S3-633634846,S3-360625946
S1-591377734	S2-863622630,S2-169854233,S2-24805160,S2-13828493,S2-928703176,S2-752109448,S2-904331162,S2-834322854,S2-392878555,S2-656063321,S2-967433388,S2-964372136,S2-487164297,S2-649935661,S2-714668842,S2-81112203,S2-876418317,S2-649318572,S2-553949900,S2-322979972,S3-706485564,S3-809305235,S3-722841055,S3-934276253,S3-422367488,S3-71658455,S3-749651684,S3-589230881,S3-272871974,S3-800636357,S3-65317174,S3-688088092,S3-220762074,S3-932543972,S3-722415650,S3-871741449,S3-813519270,S3-358556644,S3-265359996,S3-197197086
S1-915233460	S2-136493821,S2-85633962,S2-753945924,S2-635258386,S2-511810927,S2-462269697,S2-221709643,S2-431093921,S2-353555477,S2-195657644,S2-453862802,S2-114482664,S2-608640040,S2-965136001,S2-479645204,S2-456366176,S2-396473325,S2-711253667,S2-602075732,S2-587973344,S3-112497194,S3-771497604,S3-581223636,S3-150526740,S3-425154261,S3-951876123,S3-585751784,S3-628835514,S3-88918863,S3-388113889,S3-464881980,S3-131390761,S3-933027438,S3-85807791,S3-154171240,S3-833749338,S3-545447723,S3-431570574,S3-385275144,S3-671554566
S1-808794467	S2-201516685,S2-23639687,S2-270856476,S2-639397615,S2-28880228,S2-788281335,S2-492858570,S2-832293430,S2-900313325,S2-948262819,S2-130729441,S2-726590892,S2-177129414,S2-515997738,S2-784582194,S2-204857962,S2-955196693,S2-36118019,S2-686425005,S2-932262510,S3-358788993,S3-367949145,S3-690201767,S3-536005727,S3-842698366,S3-845721772,S3-885372545,S3-153247555,S3-692951143,S3-467435512,S3-222540494,S3-764097014,S3-715773728,S3-539022900,S3-640862812,S3-14341280,S3-132465778,S3-91233252,S3-926432681,S3-418693941
S1-119248132	S2-404742890,S2-223811318,S2-614777529,S2-367045449,S2-936190268,S2-266352840,S2-634290641,S2-409799767,S2-992277655,S2-842962393,S2-152334323,S2-788879059,S2-948988137,S2-677462462,S2-142113910,S2-361438680,S2-843910603,S2-497867947,S2-182228461,S2-997935426,S3-59881603,S3-436538682,S3-508251901,S3-936601995,S3-574504064,S3-458230852,S3-769137574,S3-562237659,S3-531537287,S3-22436687,S3-57417273,S3-727667732,S3-691333536,S3-56043304,S3-528505482,S3-27502210,S3-716680787,S3-50301287,S3-266117052,S3-424421679
S1-710758303	S2-601214229,S2-13976532,S2-656512339,S2-569382870,S2-681026174,S2-767723592,S2-606339225,S2-285861491,S2-239583669,S2-765515771,S2-406599731,S2-754762260,S2-251399930,S2-102557511,S2-708947382,S2-713787233,S2-739663962,S2-735500569,S2-245484295,S2-530477759,S3-602756754,S3-139726492,S3-939274601,S3-476486461,S3-602115807,S3-297417296,S3-259868595,S3-555677257,S3-569670913,S3-218394135,S3-497366457,S3-453011934,S3-349312503,S3-421958842,S3-335842705,S3-562975964,S3-978720211,S3-911038680,S3-154196615,S3-722053439
S1-105001584	S2-991948272,S2-31160247,S2-240516479,S2-454571186,S2-502740730,S2-814283248,S2-773760290,S2-338618064,S2-452669183,S2-497560184,S2-265876721,S2-537603717,S2-981461447,S2-783179639,S2-345787204,S2-51747100,S2-474915007,S2-750710327,S2-61211378,S2-422007143,S3-841102088,S3-666611026,S3-804841923,S3-264744022,S3-816670548,S3-2782818,S3-509816410,S3-708016710,S3-68558594,S3-239397496,S3-26716922,S3-458555257,S3-252011181,S3-226381435,S3-837896383,S3-737955088,S3-984929729,S3-654106334,S3-408629710,S3-645871579
S1-382212549	S2-746688314,S2-492299063,S2-225798504,S2-429314182,S2-302140384,S2-923247863,S2-163196023,S2-361133873,S2-871581957,S2-545135334,S2-3129340,S2-949147549,S2-576706082,S2-446512531,S2-903683999,S2-731051338,S2-299866408,S2-182273804,S2-855458656,S2-783510901,S3-1520109,S3-421973999,S3-950645498,S3-756138914,S3-107650118,S3-760264596,S3-558652409,S3-924461352,S3-896678668,S3-10556086,S3-438182899,S3-700859960,S3-396351747,S3-554666034,S3-841513009,S3-459794976,S3-348829042,S3-28571337,S3-646523747,S3-428901833
S1-35578091	S2-310837198,S2-772509330,S2-854358090,S2-599106166,S2-249481317,S2-993934882,S2-933273418,S2-812503095,S2-855458656,S2-819588091,S2-294766157,S2-478752933,S2-154901012,S2-685544492,S2-921872992,S2-148067549,S2-276862140,S2-90628299,S2-287732160,S2-721215346,S3-719214149,S3-348387887,S3-207289736,S3-128952476,S3-629400882,S3-396351747,S3-930377575,S3-867678166,S3-934227232,S3-459794976,S3-611925418,S3-608490660,S3-789768624,S3-335910639,S3-11972666,S3-904517161,S3-399929633,S3-113459657,S3-37782127,S3-179843955
S1-34932143	S2-770245859,S2-836194612,S2-464839378,S2-618047227,S2-820878461,S2-9410084,S2-777097274,S2-586704868,S2-450097954,S2-943643529,S2-343991836,S2-624536077,S2-280113691,S2-941547919,S2-720751175,S2-992216396,S2-979093099,S2-504837702,S2-126214557,S2-253220938,S3-432682666,S3-583810927,S3-932703780,S3-122988495,S3-676167614,S3-47899669,S3-835853090,S3-56386092,S3-9398890,S3-921027664,S3-82585295,S3-994591654,S3-557910538,S3-122986867,S3-760877303,S3-279006503,S3-212421594,S3-711100971,S3-90022342,S3-281228245
S1-545791724	S2-145829759,S2-903049690,S2-327430844,S2-433401086,S2-120835517,S2-978452416,S2-701132054,S2-135243872,S2-928464334,S2-553575252,S2-36746330,S2-820624771,S2-685480560,S2-681038146,S2-73216827,S2-706926029,S2-99572113,S2-350606092,S2-153275752,S2-769408741,S3-525968369,S3-120527629,S3-358729746,S3-509179895,S3-72530538,S3-545593814,S3-470993856,S3-772819812,S3-498927268,S3-194722289,S3-301622173,S3-799566841,S3-18933512,S3-687844722,S3-459550291,S3-453958658,S3-106710114,S3-275959786,S3-521263226,S3-793953302
S1-869422569	S2-542759354,S2-589668952,S2-353780733,S2-200120917,S2-186893365,S2-782886914,S2-829720000,S2-433923273,S2-543611248,S2-655795531,S2-53381328,S2-871525483,S2-246615477,S2-361613275,S2-610451376,S2-848584643,S2-376412317,S2-422890062,S2-689062346,S2-2633365,S3-296860353,S3-929362307,S3-541069365,S3-764958521,S3-295149948,S3-590682814,S3-21242995,S3-417720050,S3-439268002,S3-32142269,S3-92680874,S3-107901492,S3-780919088,S3-31693633,S3-132886824,S3-327392822,S3-91469822,S3-506541844,S3-979107492,S3-1457387
S1-844617434	S2-171371026,S2-387573589,S2-301514196,S2-22799180,S2-465307813,S2-218394251,S2-789764739,S2-567274700,S2-956677072,S2-645330149,S2-902195238,S2-116928397,S2-334362501,S2-757903279,S2-721023618,S2-50503960,S2-438748930,S2-5279712,S2-307590075,S2-420867802,S3-326852768,S3-585634379,S3-171662170,S3-239209958,S3-403735345,S3-550971959,S3-214260171,S3-923180934,S3-117232718,S3-387727807,S3-474561165,S3-390122956,S3-430111910,S3-36442761,S3-256190001,S3-788927475,S3-667046463,S3-678081167,S3-596575988,S3-721761087
S1-488174268	S2-709201713,S2-155085748,S2-862623199,S2-631174413,S2-577043370,S2-140514435,S2-957803067,S2-119517486,S2-919530734,S2-329091536,S2-272328748,S2-579538624,S2-258007117,S2-208458071,S2-743505352,S2-59060300,S2-43342916,S2-637547900,S2-243853430,S2-421079384,S3-884008795,S3-248427026,S3-206469593,S3-464114278,S3-653141617,S3-834620560,S3-819715801,S3-718577904,S3-807090678,S3-657882747,S3-307801750,S3-242570502,S3-933693766,S3-162140129,S3-68832473,S3-398829194,S3-17424004,S3-421753436,S3-95462907,S3-126787800
S1-963501196	S2-170973254,S2-33912431,S2-816282812,S2-372899332,S2-942825819,S2-39603967,S2-90262688,S2-708065265,S2-194434152,S2-131735629,S2-543206619,S2-513250353,S2-952603169,S2-569675594,S2-801282080,S2-931699821,S2-244708903,S2-448124777,S2-998817391,S2-700033611,S3-198537118,S3-530199477,S3-903149173,S3-247061822,S3-246207791,S3-528512911,S3-192008849,S3-535792903,S3-824034009,S3-359243608,S3-610008120,S3-269716046,S3-670505731,S3-251714260,S3-451199804,S3-172216374,S3-471617136,S3-370839500,S3-795233625,S3-443163577
S1-531518308	S2-929609451,S2-722844932,S2-791399008,S2-471789952,S2-2383315,S2-60339634,S2-986110515,S2-767061013,S2-610998448,S2-687526962,S2-558493933,S2-73210455,S2-569965063,S2-659112933,S2-241699195,S2-202242106,S2-865636403,S2-992731247,S2-409462543,S2-842981527,S3-387133344,S3-22872060,S3-781924446,S3-721864481,S3-8544961,S3-671765592,S3-796141618,S3-258466473,S3-298102695,S3-853101256,S3-481014222,S3-909124354,S3-502909711,S3-177647762,S3-581126402,S3-299639310,S3-895926077,S3-548868603,S3-735541151,S3-519494265
S1-288588262	S2-756380738,S2-665635259,S2-786867954,S2-112256469,S2-763670530,S2-141300659,S2-811745313,S2-587121100,S2-112030466,S2-540392361,S2-533978047,S2-881425717,S2-783881620,S2-917379593,S2-546337810,S2-957569194,S2-878082390,S2-595735456,S2-842939268,S2-322977853,S3-221685856,S3-942803949,S3-258265010,S3-383696266,S3-949772589,S3-947108832,S3-803187529,S3-23895837,S3-797737427,S3-922509128,S3-840364117,S3-495483302,S3-797284031,S3-623724025,S3-249689432,S3-10268656,S3-77954460,S3-959001201,S3-69892039,S3-698421786
S1-94665545	S2-728822231,S2-60682691,S2-817541118,S2-792769266,S2-681711278,S2-660199760,S2-147483891,S2-929941625,S2-843023105,S2-13209531,S2-873567298,S2-951348236,S2-107765630,S2-371952565,S2-225679664,S2-542087857,S2-38952588,S2-414558275,S2-410373631,S2-266834478,S3-210079119,S3-204115708,S3-395035879,S3-347560578,S3-85354475,S3-300774891,S3-983540086,S3-621019792,S3-115950452,S3-624835702,S3-174615591,S3-572852916,S3-100407896,S3-193338334,S3-701953372,S3-613662854,S3-214983663,S3-661032183,S3-234788494,S3-787294992
S1-460829054	S2-967911515,S2-403346293,S2-963717016,S2-290439466,S2-801372351,S2-969257156,S2-44874165,S2-914885746,S2-80026562,S2-981703135,S2-478801578,S2-981340877,S2-272486048,S2-720123199,S2-778652391,S2-333784856,S2-91051514,S2-128756879,S2-525364281,S2-61290486,S3-710339284,S3-422242645,S3-189475939,S3-799128595,S3-233201952,S3-254957014,S3-157732099,S3-453404850,S3-145729614,S3-553228322,S3-465377720,S3-845472315,S3-332236968,S3-468363908,S3-276084112,S3-715186323,S3-695184112,S3-175443554,S3-282774756,S3-547078128
S1-817207769	S2-496323076,S2-386406172,S2-429385631,S2-542461352,S2-139724818,S2-582291655,S2-930577614,S2-961432901,S2-419155698,S2-94146326,S2-753135,S2-666252877,S2-931422245,S2-666335726,S2-406626232,S2-459444436,S2-82190265,S2-677910159,S2-580857206,S2-225193592,S3-159400732,S3-329056701,S3-2854934,S3-473563636,S3-861812362,S3-978530895,S3-92934890,S3-637837936,S3-351293546,S3-256450187,S3-293454195,S3-395066524,S3-266573380,S3-948784540,S3-727940118,S3-16749633,S3-260746959,S3-24411651,S3-666392889,S3-236999297
S1-923121813	S2-573152653,S2-577204741,S2-861923924,S2-435662459,S2-192407921,S2-162077423,S2-862989474,S2-14624358,S2-614454301,S2-525907074,S2-867885207,S2-277343730,S2-521485245,S2-216588237,S2-22855667,S2-422696865,S2-110110097,S2-622920614,S2-692888976,S2-536110477,S3-715060299,S3-475503985,S3-780739448,S3-261286920,S3-509179895,S3-293044075,S3-479939272,S3-185120084,S3-720102445,S3-130647528,S3-525538098,S3-510965154,S3-462501793,S3-814950410,S3-815175055,S3-88039526,S3-325774786,S3-289310355,S3-873113499,S3-877695489
S1-937797030	S2-35176136,S2-921488960,S2-731582150,S2-97863107,S2-910619959,S2-244040826,S2-360524587,S2-293677183,S2-403130233,S2-918320122,S2-453688563,S2-676607100,S2-561755939,S2-110825145,S2-513200248,S2-449942819,S2-444727244,S2-331151651,S2-128268349,S2-327710641,S3-861630520,S3-69189608,S3-204264211,S3-495446129,S3-585346620,S3-461620314,S3-967292156,S3-170238949,S3-938405110,S3-930304754,S3-604765750,S3-471983042,S3-124831609,S3-21933239,S3-396213922,S3-341497628,S3-956229766,S3-812929764,S3-805112153,S3-526071153
S1-305324409	S2-594179886,S2-108771905,S2-558638291,S2-793082753,S2-121124130,S2-864014085,S2-579123605,S2-699255655,S2-698742155,S2-629537982,S2-775180820,S2-158534878,S2-827053047,S2-104395273,S2-734479173,S2-884712700,S2-407425618,S2-724590984,S2-806010848,S2-303201573,S3-448659300,S3-658949343,S3-741375194,S3-500966273,S3-492808860,S3-797678606,S3-204703764,S3-964065680,S3-703229698,S3-417246637,S3-536377394,S3-189179884,S3-430235032,S3-90041198,S3-471100143,S3-888794135,S3-931388676,S3-272135328,S3-444683378,S3-163023562
S1-927419156	S2-591772545,S2-653145698,S2-240574858,S2-561812479,S2-617783915,S2-68657614,S2-769954048,S2-49406445,S2-621824613,S2-26734655,S2-818857621,S2-325981418,S2-487559804,S2-581745560,S2-576142721,S2-78781336,S2-776225313,S2-315001936,S2-143495082,S2-428642598,S3-785990388,S3-575815407,S3-582210694,S3-420636267,S3-293785346,S3-694965183,S3-65297744,S3-49846869,S3-622186990,S3-614989642,S3-684933313,S3-228269476,S3-829756659,S3-948185977,S3-500389439,S3-656904711,S3-328140283,S3-265530034,S3-728768053,S3-802880046
S1-261393939	S2-559518009,S2-145772427,S2-35053080,S2-792467805,S2-498209197,S2-630389727,S2-103334562,S2-624502485,S2-485630500,S2-216040829,S2-96867962,S2-916712813,S2-762814140,S2-446792407,S2-644976356,S2-69928410,S2-384741482,S2-418861086,S2-189546220,S2-437136287,S3-131050526,S3-909766252,S3-22554814,S3-227097784,S3-476791855,S3-690068633,S3-193036878,S3-581295737,S3-540937286,S3-57830857,S3-999277794,S3-987463688,S3-782434410,S3-78074738,S3-93769387,S3-550364125,S3-820442431,S3-749540559,S3-868418619,S3-706764031
S1-158003567	S2-747839523,S2-698742155,S2-827053047,S2-699255655,S2-806010848,S2-629537982,S2-579123605,S2-474293117,S2-864014085,S2-793082753,S2-734479173,S2-835489415,S2-558638291,S2-158534878,S2-724590984,S2-692024667,S2-104395273,S2-407425618,S2-303201573,S2-777328717,S3-536377394,S3-471100143,S3-430235032,S3-189179884,S3-964065680,S3-448659300,S3-272135328,S3-90041198,S3-163023562,S3-888794135,S3-51985474,S3-509530575,S3-417246637,S3-492808860,S3-859125566,S3-703229698,S3-931388676,S3-734818236,S3-270581114,S3-437428795
S1-772204055	S2-824454877,S2-328363510,S2-880370495,S2-934504216,S2-249741531,S2-758213795,S2-216225571,S2-212797800,S2-518851015,S2-880334820,S2-670066209,S2-555271683,S2-898050654,S2-911429299,S2-871472897,S2-412606139,S2-836980313,S2-83767377,S2-792719469,S2-891412928,S3-606771095,S3-862409930,S3-131558246,S3-788359489,S3-183720491,S3-883884833,S3-126191316,S3-269409801,S3-182807662,S3-913536202,S3-247442919,S3-512197984,S3-570757383,S3-44912387,S3-987395757,S3-54651071,S3-273172824,S3-393879217,S3-160093428,S3-391823164
S1-901881022	S2-542159339,S2-70822028,S2-523310581,S2-7871403,S2-767912318,S2-242348316,S2-184753150,S2-284681063,S2-162083239,S2-619316727,S2-385906219,S2-907641246,S2-176998529,S2-75676145,S2-803896133,S2-106062484,S2-324959905,S2-1626921,S2-852991288,S2-892636381,S3-564402629,S3-342117002,S3-630542679,S3-253241405,S3-729415634,S3-50316458,S3-171412724,S3-413655374,S3-144159472,S3-895880250,S3-341295627,S3-678442040,S3-853970499,S3-155788485,S3-824485157,S3-338612277,S3-271429222,S3-38681905,S3-425970770,S3-168581238
S1-958709603	S2-720712505,S2-869488189,S2-545297798,S2-487276746,S2-793481204,S2-582182250,S2-498449225,S2-873491221,S2-25059972,S2-93184812,S2-462599354,S2-788070218,S2-278570858,S2-836553957,S2-217753329,S2-680911757,S2-24792261,S2-20395304,S2-194309469,S2-414485912,S3-594558993,S3-867122553,S3-790734025,S3-491761116,S3-687502961,S3-590155241,S3-213197687,S3-676980831,S3-351704606,S3-166597307,S3-483173452,S3-594928712,S3-333102174,S3-223750886,S3-303020945,S3-182017059,S3-744122596,S3-976170494,S3-614943867,S3-80149126
S1-864062904	S2-332903914,S2-126425595,S2-129404989,S2-774952726,S2-310259722,S2-621158006,S2-680310282,S2-427313552,S2-649103744,S2-58208255,S2-147161718,S2-882548317,S2-340327725,S2-757000566,S2-92027116,S2-865391268,S2-941618718,S2-426848224,S2-994671947,S2-550718551,S3-480378862,S3-10173994,S3-570376004,S3-922496663,S3-810108097,S3-235834743,S3-5478,S3-183589948,S3-683462801,S3-38105744,S3-389257885,S3-232150817,S3-460251935,S3-84599353,S3-797393404,S3-368878227,S3-776158833,S3-825010858,S3-426958884,S3-425863393
S1-389115869	S2-34889748,S2-833172087,S2-821568999,S2-351547586,S2-738564262,S2-509203078,S2-992277655,S2-788879059,S2-785453559,S2-623513201,S2-152334323,S2-996689024,S2-840160474,S2-165015435,S2-570523794,S2-857243903,S2-242353125,S2-298997113,S2-812083762,S2-431677109,S3-572712288,S3-237892852,S3-532235489,S3-277674671,S3-364286821,S3-105186167,S3-31213564,S3-61933180,S3-195916437,S3-691333536,S3-552397185,S3-924952263,S3-448406456,S3-57417273,S3-335566079,S3-24235415,S3-348558423,S3-477127206,S3-145658032,S3-191887120
S1-32131273	S2-115189010,S2-615009478,S2-417935952,S2-141075389,S2-430858444,S2-238715265,S2-421505286,S2-406134572,S2-945238177,S2-91004281,S2-316927869,S2-551035691,S2-488984562,S2-340361831,S2-414856785,S2-298540642,S2-257676403,S2-614044926,S2-241310620,S2-367087350,S3-939055089,S3-47657334,S3-995351005,S3-15007298,S3-455517686,S3-57414868,S3-951874330,S3-159797750,S3-70942770,S3-915525316,S3-38472265,S3-412775260,S3-295493268,S3-180036484,S3-742356818,S3-455111284,S3-718772749,S3-795991718,S3-940910980,S3-718957579
S1-485290093	S2-409213729,S2-78140582,S2-295366995,S2-425252195,S2-979536106,S2-801553070,S2-809446796,S2-271540541,S2-264730788,S2-376543632,S2-240514396,S2-813501424,S2-332893644,S2-525884428,S2-99072626,S2-339627888,S2-212048413,S2-571790763,S2-537103169,S2-17716920,S3-937732824,S3-47780376,S3-517383370,S3-713996341,S3-101592227,S3-199929863,S3-981829338,S3-584637330,S3-21417444,S3-448642939,S3-306924981,S3-409386921,S3-538767431,S3-127527585,S3-117724627,S3-479607744,S3-233216634,S3-76073713,S3-399129057,S3-660042342
S1-449015682	S2-671351334,S2-958723461,S2-451463115,S2-867640379,S2-648470034,S2-682450341,S2-367421262,S2-126571989,S2-857311949,S2-387291567,S2-163762339,S2-644272645,S2-798405976,S2-837092653,S2-788223086,S2-686044170,S2-152310863,S2-878516171,S2-19114321,S2-504275342,S3-666712823,S3-64669969,S3-931519608,S3-567464653,S3-417394828,S3-111755034,S3-23938261,S3-757331862,S3-135325568,S3-716583609,S3-361800396,S3-70468213,S3-6342984,S3-403997739,S3-319094154,S3-485213649,S3-612190510,S3-85754528,S3-676501297,S3-899080917
S1-273693856	S2-975494290,S2-912151619,S2-48608565,S2-689711295,S2-790390345,S2-248026950,S2-994484618,S2-4006116,S2-9449483,S2-147498899,S2-291276360,S2-195865989,S2-845010036,S2-120730642,S2-728117099,S2-950431,S2-497030017,S2-985931668,S2-630121332,S2-841322632,S3-360633854,S3-851554625,S3-309969557,S3-630423725,S3-436658850,S3-372133825,S3-319768723,S3-690131119,S3-679509441,S3-942905686,S3-635386084,S3-914617265,S3-933412010,S3-460228207,S3-163765486,S3-771656165,S3-790509781,S3-923520333,S3-323147831,S3-812938645
S1-216847975	S2-379356714,S2-331483512,S2-983670676,S2-860870636,S2-866276574,S2-749144508,S2-409352582,S2-135836556,S2-642108717,S2-84238002,S2-116376944,S2-692000651,S2-499528374,S2-521673134,S2-344950377,S2-457561841,S2-710403502,S2-310571381,S2-856071445,S2-194621484,S3-448504327,S3-7547909,S3-907731615,S3-997424981,S3-288471607,S3-866526607,S3-20631996,S3-323251001,S3-958933674,S3-179179728,S3-368251788,S3-490176044,S3-152223432,S3-14292695,S3-218962430,S3-643589607,S3-444946910,S3-481906530,S3-794630107,S3-653254654
S1-942180728	S2-953352546,S2-523588663,S2-97193105,S2-909840372,S2-832246230,S2-81823387,S2-332040515,S2-994591061,S2-655856580,S2-465969010,S2-962871783,S2-735732323,S2-235428790,S2-179249521,S2-619044353,S2-879741737,S2-864996509,S2-86137182,S2-195266816,S2-379233760,S3-673082875,S3-33051222,S3-371068681,S3-329204718,S3-591340347,S3-447215991,S3-229963061,S3-793224580,S3-766462123,S3-207211026,S3-955198774,S3-676830723,S3-694100774,S3-947240194,S3-311791547,S3-414627989,S3-231779815,S3-469272577,S3-855164033,S3-68290064
S1-704576365	S2-919309463,S2-742394166,S2-862912262,S2-582148745,S2-746138897,S2-842731162,S2-418963724,S2-440427819,S2-817385906,S2-204433622,S2-510573066,S2-19368112,S2-546975871,S2-96614952,S2-221451177,S2-572946231,S2-871245143,S2-814072692,S2-439680433,S2-411875368,S3-238340734,S3-767445863,S3-724902584,S3-973803574,S3-778864269,S3-510427551,S3-221069556,S3-614708929,S3-847602063,S3-212659951,S3-289003688,S3-361583491,S3-373725097,S3-64282120,S3-664158078,S3-187496464,S3-60488984,S3-453390367,S3-754510379,S3-886908585
S1-706359294	S2-791616629,S2-905617518,S2-163253730,S2-583865729,S2-345342151,S2-311207242,S2-21935630,S2-348099732,S2-596231409,S2-852393794,S2-168699267,S2-676266022,S2-466788601,S2-186893365,S2-422890062,S2-787060117,S2-683611654,S2-667423397,S2-353780733,S2-201334256,S3-368948841,S3-287640891,S3-581467188,S3-213742534,S3-627465306,S3-124993524,S3-32603306,S3-103905565,S3-552477115,S3-300126016,S3-28124018,S3-793194528,S3-273844906,S3-504426354,S3-334275037,S3-891341996,S3-322362056,S3-21242995,S3-572400424,S3-541069365
S1-688852755	S2-816205149,S2-816705764,S2-964215283,S2-10061312,S2-381781206,S2-579880236,S2-416755751,S2-973394637,S2-779126712,S2-16482869,S2-482865294,S2-154961257,S2-196104502,S2-191006083,S2-821080353,S2-500105350,S2-447004870,S2-8824189,S2-324897034,S2-44874165,S3-405579360,S3-729412713,S3-388728969,S3-783219556,S3-157732099,S3-816369919,S3-769140254,S3-175648445,S3-230196038,S3-786411140,S3-447481353,S3-597121664,S3-861000929,S3-114130498,S3-969150886,S3-981719192,S3-453404850,S3-914866005,S3-111249629,S3-949571882
S1-501963178	S2-737422272,S2-567937072,S2-427229756,S2-520089106,S2-828745865,S2-701218713,S2-859686899,S2-208378910,S2-88562795,S2-361386393,S2-709012801,S2-305879325,S2-385066466,S2-783510901,S2-356252860,S2-206495743,S2-864310198,S2-550125716,S2-608047478,S2-225798504,S3-626987959,S3-865279947,S3-314699370,S3-325015989,S3-774518830,S3-321062813,S3-216040185,S3-477409425,S3-136992952,S3-94920424,S3-413159834,S3-696258026,S3-646523747,S3-905019693,S3-51831177,S3-918586599,S3-348829042,S3-426192742,S3-107776326,S3-494044470
S1-428039663	S2-51866400,S2-221238929,S2-398683905,S2-273583434,S2-227969611,S2-973867680,S2-800085344,S2-339673955,S2-832382132,S2-111665846,S2-412833544,S2-531512457,S2-144014,S2-72428911,S2-127806313,S2-204145464,S2-806272157,S2-500482604,S2-898754053,S2-894686856,S3-760772804,S3-155927695,S3-198019066,S3-968249833,S3-248553184,S3-144317159,S3-232420178,S3-104261583,S3-973395024,S3-967820082,S3-495646538,S3-410513280,S3-351147322,S3-324143553,S3-676669131,S3-748296756,S3-879510519,S3-304132255,S3-764751576,S3-403353913
S1-394925431	S2-586202409,S2-336078551,S2-904059743,S2-457902892,S2-305113800,S2-691552163,S2-273287294,S2-73252734,S2-227065501,S2-763081437,S2-524287727,S2-109309630,S2-606465195,S2-560391334,S2-957053671,S2-335591348,S2-189306822,S2-806627099,S2-786147326,S2-515713077,S3-138021435,S3-552779916,S3-392936042,S3-235447011,S3-411235385,S3-171422309,S3-219940707,S3-954032722,S3-495929002,S3-95207390,S3-746039513,S3-88305059,S3-654106334,S3-559259806,S3-576663685,S3-710373711,S3-348058065,S3-984929729,S3-414579070,S3-166034775
S1-29387523	S2-783985107,S2-962871783,S2-393816019,S2-999407053,S2-507831496,S2-834923028,S2-86364011,S2-784317436,S2-909840372,S2-97193105,S2-332040515,S2-735732323,S2-832246230,S2-539514397,S2-994591061,S2-268678137,S2-633561011,S2-523092732,S2-465969010,S2-420121716,S3-279619954,S3-68290064,S3-307649572,S3-231779815,S3-274557250,S3-329204718,S3-927535006,S3-228486009,S3-955198774,S3-526889576,S3-855164033,S3-793224580,S3-558326046,S3-847902959,S3-229963061,S3-33051222,S3-879338071,S3-846861539,S3-414627989,S3-986974007
S1-960221997	S2-423588119,S2-543173344,S2-841604447,S2-170508887,S2-10607329,S2-162171093,S2-530243272,S2-21881804,S2-633169784,S2-762601302,S2-859906917,S2-512021290,S2-403604478,S2-581494969,S2-517633046,S2-730561582,S2-39313215,S2-828305448,S2-47713163,S2-339185676,S3-585220678,S3-971111671,S3-185241700,S3-742091948,S3-215461950,S3-803755,S3-986800382,S3-12314914,S3-167596621,S3-628864616,S3-337294029,S3-918955816,S3-22321512,S3-608316503,S3-249118227,S3-516419723,S3-137342231,S3-467991000,S3-480141442,S3-158517817
S1-369896511	S2-876885704,S2-663471533,S2-737755858,S2-990337075,S2-943305547,S2-172226065,S2-171285984,S2-156596087,S2-608721534,S2-361469046,S2-433300334,S2-563856141,S2-755856824,S2-519544032,S2-348947774,S2-149077138,S2-902014654,S2-133757154,S2-402476799,S2-597945499,S3-367029958,S3-458771330,S3-962169593,S3-525098537,S3-531861892,S3-983643085,S3-502678206,S3-802024510,S3-886069774,S3-305282563,S3-627348323,S3-94403436,S3-360013163,S3-891350065,S3-940607479,S3-151205059,S3-295370744,S3-703816399,S3-948318989,S3-370376384
S1-973133967	S2-368099341,S2-581645873,S2-717670334,S2-768679434,S2-79025573,S2-959742970,S2-803302415,S2-859909768,S2-893742391,S2-122861412,S2-454208421,S2-312265722,S2-126938879,S2-53201470,S2-461147047,S2-25330706,S2-447240357,S2-103762621,S2-923305420,S2-695514067,S3-284891286,S3-639499359,S3-707505877,S3-498156461,S3-58845882,S3-97827472,S3-338816656,S3-427464942,S3-298276174,S3-455756567,S3-611660566,S3-60511000,S3-377227948,S3-374044023,S3-775245018,S3-31719237,S3-83255707,S3-664844869,S3-518298420,S3-532338024
S1-957109842	S2-274181678,S2-979358654,S2-436599584,S2-3917759,S2-683702891,S2-431850670,S2-780719634,S2-809137916,S2-614976912,S2-375788487,S2-180799152,S2-907518788,S2-223037416,S2-45859596,S2-350400344,S2-199836876,S2-520641242,S2-467903681,S2-405093582,S2-689062346,S3-88265715,S3-149275720,S3-751158084,S3-629080811,S3-686065348,S3-927013328,S3-6407747,S3-285871284,S3-98736070,S3-106229224,S3-307111563,S3-94849350,S3-899403912,S3-235687435,S3-781384542,S3-238208192,S3-353299787,S3-717681805,S3-971115948,S3-824056710
S1-718126154	S2-933588110,S2-586059732,S2-758856142,S2-462273663,S2-335853669,S2-700606190,S2-885402171,S2-302140384,S2-772700123,S2-478264876,S2-434108940,S2-768299835,S2-911221562,S2-784818457,S2-995144997,S2-215980758,S2-762091119,S2-24658923,S2-294315436,S2-669957816,S3-924461352,S3-121400176,S3-237249681,S3-128974826,S3-452140411,S3-413159834,S3-982892595,S3-519547758,S3-667455148,S3-416781361,S3-464881980,S3-367680748,S3-238936337,S3-639603184,S3-971388690,S3-106880923,S3-758298521,S3-435990948,S3-380263221,S3-592409761
S1-657028371	S2-77314393,S2-611527711,S2-493735561,S2-605402637,S2-53113624,S2-257820483,S2-217900075,S2-533690074,S2-817805260,S2-524884377,S2-341168532,S2-125539487,S2-811297217,S2-676368068,S2-259282383,S2-118597433,S2-48551578,S2-201805072,S2-130796133,S2-687518664,S3-222936671,S3-509215906,S3-402346859,S3-658997609,S3-729565934,S3-676387244,S3-13548309,S3-125143148,S3-861898673,S3-749049376,S3-202402484,S3-971619871,S3-536376220,S3-200532536,S3-61566598,S3-988961148,S3-209157195,S3-62706682,S3-750527139,S3-595636811
S1-122221465	S2-274889565,S2-168027925,S2-822440446,S2-369634827,S2-48769274,S2-108761340,S2-664309210,S2-602321731,S2-751903074,S2-571026551,S2-836120288,S2-943785115,S2-665807208,S2-386307200,S2-120420573,S2-560622496,S2-645988033,S2-414199993,S2-187085703,S2-485430153,S3-933948651,S3-840743168,S3-877097974,S3-214150387,S3-45251608,S3-918975360,S3-657755881,S3-931667344,S3-728066378,S3-55764603,S3-44266062,S3-639792603,S3-559657389,S3-685278914,S3-437593899,S3-893033069,S3-493297431,S3-718921372,S3-832969996,S3-391118751
S1-241758739	S2-550302013,S2-241760567,S2-855114258,S2-367421262,S2-543720234,S2-292535033,S2-654922084,S2-788223086,S2-388958281,S2-161129669,S2-837092653,S2-163762339,S2-480611089,S2-108312996,S2-128017625,S2-372332974,S2-299309149,S2-682450341,S2-848510038,S2-109477559,S3-746047380,S3-943181131,S3-310182846,S3-976652165,S3-817085802,S3-704435728,S3-197404400,S3-441666486,S3-717908834,S3-403997739,S3-183868348,S3-361800396,S3-426690812,S3-788605514,S3-863072480,S3-385460211,S3-564879477,S3-315524110,S3-484907793,S3-564574801
S1-292853265	S2-763376057,S2-702525855,S2-991117009,S2-967115295,S2-611962219,S2-254038654,S2-290908330,S2-451357111,S2-635852854,S2-947318870,S2-804645628,S2-422651786,S2-476266670,S2-267132272,S2-435070171,S2-419124096,S2-104414778,S2-997491814,S2-189962437,S2-634009734,S3-72334574,S3-267750828,S3-980194431,S3-858397119,S3-155038848,S3-585174398,S3-179705506,S3-457020769,S3-911038059,S3-814198613,S3-579993403,S3-106290679,S3-21191490,S3-670082628,S3-989429521,S3-103091121,S3-822497561,S3-376226900,S3-836403381,S3-759894469
S1-563412246	S2-379976522,S2-305040802,S2-762800853,S2-887158570,S2-258281331,S2-327226240,S2-432508308,S2-677739251,S2-796714790,S2-499494897,S2-709378720,S2-658926213,S2-194825277,S2-292713056,S2-858078136,S2-110279997,S2-104938723,S2-197516037,S2-302143413,S2-93267817,S3-972329492,S3-999074848,S3-525217497,S3-497980677,S3-889738335,S3-837706524,S3-695398336,S3-516514939,S3-229241140,S3-484962933,S3-275927559,S3-996830856,S3-595162842,S3-50729692,S3-763340429,S3-898631224,S3-221764510,S3-717341264,S3-728222116,S3-213561822
S1-635915279	S2-615230314,S2-68168899,S2-366448407,S2-664693676,S2-480008194,S2-142338793,S2-419104112,S2-823306345,S2-440948455,S2-778895506,S2-774728277,S2-538708127,S2-725246455,S2-38062581,S2-585855302,S2-825363890,S2-616686373,S2-383659064,S2-474627807,S2-662841013,S3-453371895,S3-17568830,S3-164138515,S3-602444643,S3-65060450,S3-632360709,S3-469589615,S3-749399537,S3-352477101,S3-602762104,S3-465364917,S3-205597451,S3-105097984,S3-990010997,S3-786699127,S3-731285889,S3-799630976,S3-153815098,S3-373057932,S3-737850164
S1-257953143	S2-952319704,S2-208378910,S2-737422272,S2-784371762,S2-264054720,S2-313329087,S2-641369156,S2-385066466,S2-567937072,S2-621836917,S2-861080606,S2-361386393,S2-322613553,S2-919585353,S2-520089106,S2-215792047,S2-591458591,S2-491611666,S2-647476793,S2-305879325,S3-116459845,S3-285582794,S3-60955965,S3-782408472,S3-448769253,S3-497785097,S3-79241506,S3-545762589,S3-639837626,S3-199886610,S3-549432257,S3-438864452,S3-477409425,S3-173873861,S3-494044470,S3-319279214,S3-924822231,S3-216040185,S3-939421351,S3-426192742
S1-935953663	S2-695514067,S2-907174368,S2-238702934,S2-53201470,S2-368099341,S2-902137637,S2-853442471,S2-377091638,S2-312265722,S2-569741136,S2-287062199,S2-454208421,S2-447240357,S2-803302415,S2-103762621,S2-424279158,S2-37847282,S2-389532828,S2-323492898,S2-802207145,S3-83255707,S3-907378208,S3-532338024,S3-78164153,S3-374044023,S3-611660566,S3-771452051,S3-298483119,S3-882542821,S3-707505877,S3-469064442,S3-34043394,S3-570438076,S3-377312045,S3-613185838,S3-60511000,S3-985722247,S3-775245018,S3-284891286,S3-616585064
S1-66970748	S2-885873507,S2-193899466,S2-268310520,S2-860395715,S2-895564185,S2-321000940,S2-62309804,S2-263791768,S2-364766360,S2-896760302,S2-512341445,S2-632116498,S2-111441885,S2-535298874,S2-776373903,S2-388303443,S2-348353080,S2-171315704,S2-433629028,S2-449316888,S3-464507396,S3-739880166,S3-907436973,S3-1558620,S3-393211431,S3-922550338,S3-370929874,S3-600418036,S3-809579255,S3-52668160,S3-251794988,S3-321582175,S3-882974080,S3-803691940,S3-117418878,S3-411940718,S3-23787632,S3-593488437,S3-981976052,S3-477726544
S1-613214928	S2-395418467,S2-889722804,S2-109686401,S2-354084437,S2-662161917,S2-209517716,S2-238024238,S2-125174623,S2-141416420,S2-770979942,S2-119980365,S2-677020928,S2-730472251,S2-550187063,S2-617600616,S2-544259929,S2-604625784,S2-949423896,S2-193283408,S2-998178180,S3-492185480,S3-993825500,S3-527027180,S3-214373694,S3-206712353,S3-811871044,S3-853704128,S3-296041215,S3-963492256,S3-183545508,S3-138192687,S3-141188678,S3-235964905,S3-466768932,S3-188977754,S3-70194040,S3-228357321,S3-122453051,S3-857225170,S3-417900816
S1-68168779	S2-595731215,S2-336258559,S2-608525974,S2-41771547,S2-449834409,S2-188855113,S2-483787890,S2-932055576,S2-411466673,S2-835458073,S2-556874265,S2-419656719,S2-36518115,S2-441765564,S2-726819490,S2-889333750,S2-733898583,S2-358238909,S2-709385638,S2-759491363,S3-445868654,S3-992480170,S3-633016549,S3-198362316,S3-820536037,S3-472867147,S3-815855323,S3-616285735,S3-270140260,S3-29259609,S3-39153059,S3-975474718,S3-265161935,S3-735399486,S3-746314928,S3-178676994,S3-551562463,S3-722781364,S3-10370506,S3-89394172
S1-181117450	S2-387573589,S2-171371026,S2-218394251,S2-301514196,S2-789764739,S2-465307813,S2-645330149,S2-312533502,S2-395436183,S2-22799180,S2-334362501,S2-345552493,S2-991437555,S2-902195238,S2-42601561,S2-956677072,S2-721023618,S2-840144902,S2-651509834,S2-116928397,S3-923180934,S3-171662170,S3-585634379,S3-117232718,S3-326852768,S3-387727807,S3-430111910,S3-403735345,S3-113279201,S3-189889195,S3-550971959,S3-721761087,S3-214260171,S3-678081167,S3-239209958,S3-441030787,S3-974379737,S3-982762418,S3-963348933,S3-474561165
S1-337798606	S2-266382235,S2-71489389,S2-278419647,S2-905532426,S2-479277121,S2-651613970,S2-925568856,S2-430083753,S2-451112267,S2-655946109,S2-876626298,S2-971019588,S2-174267507,S2-273422568,S2-793291395,S2-868416733,S2-63633772,S2-21188818,S2-626278230,S2-20886604,S3-353374092,S3-580624962,S3-165337852,S3-816650738,S3-478022590,S3-660173531,S3-971510856,S3-90989450,S3-963348933,S3-446559960,S3-503281231,S3-579412592,S3-919552370,S3-476349601,S3-987332718,S3-775583321,S3-585634379,S3-806924857,S3-329168372,S3-173526100
S1-877808612	S2-357092280,S2-412039206,S2-505150723,S2-568631985,S2-830083248,S2-105926897,S2-583761043,S2-677963106,S2-404317391,S2-127531883,S2-800567363,S2-155463580,S2-540076704,S2-248945059,S2-293630968,S2-161851649,S2-424386602,S2-927882223,S2-686382968,S2-657304560,S3-709943359,S3-93901134,S3-366610971,S3-358144277,S3-152771116,S3-665823069,S3-354939845,S3-648059842,S3-363581716,S3-72149779,S3-817078811,S3-186012942,S3-186494557,S3-505677840,S3-908403706,S3-522766280,S3-57277884,S3-311529301,S3-198561005,S3-676444527
S1-991838189	S2-157773971,S2-495724848,S2-613465591,S2-932561773,S2-138364457,S2-267674656,S2-813097957,S2-736816883,S2-539344834,S2-373593345,S2-290740841,S2-629230282,S2-394923582,S2-420816752,S2-973459583,S2-99376258,S2-444935209,S2-414318892,S2-362535049,S2-984676843,S3-166575493,S3-920946610,S3-367143909,S3-520326237,S3-596593954,S3-593979578,S3-358719135,S3-426990951,S3-916300050,S3-258496816,S3-92076518,S3-442925030,S3-753721336,S3-733511356,S3-490822535,S3-387193455,S3-742535228,S3-959622925,S3-510120390,S3-898752563
S1-415245659	S2-940603889,S2-86912421,S2-170941898,S2-641136918,S2-188518804,S2-485372755,S2-582604294,S2-505948999,S2-710659498,S2-374766437,S2-314627014,S2-469637199,S2-444510772,S2-891600450,S2-441865277,S2-662123931,S2-239075227,S2-21430856,S2-476728806,S2-700426501,S3-38135530,S3-116334847,S3-633532466,S3-344639428,S3-252127910,S3-273101005,S3-416415880,S3-272561162,S3-251768508,S3-143262769,S3-13782788,S3-744937712,S3-726715545,S3-884974319,S3-130705864,S3-280398472,S3-99936776,S3-425256090,S3-760352668,S3-402348522
S1-860794391	S2-418943034,S2-38555282,S2-506757288,S2-991574834,S2-174225053,S2-935508356,S2-183256763,S2-775586705,S2-260079733,S2-753741803,S2-713017345,S2-763105556,S2-792425759,S2-707957876,S2-963703256,S2-934819790,S2-243654208,S2-381678282,S2-10505196,S2-962979309,S3-375977098,S3-651395767,S3-852118466,S3-910453862,S3-521263226,S3-535419935,S3-889609169,S3-366129193,S3-106710114,S3-623008387,S3-39519674,S3-885462891,S3-379269964,S3-554586547,S3-267988599,S3-563662688,S3-108486113,S3-184929784,S3-150671128,S3-508670484
S1-590126941	S2-511302328,S2-727756641,S2-45452767,S2-878103105,S2-881633366,S2-731309110,S2-601347848,S2-875841129,S2-398776557,S2-659288766,S2-153385123,S2-36314042,S2-134584149,S2-390972571,S2-874161685,S2-257091008,S2-11116451,S2-184939407,S2-270288703,S2-753202507,S3-368973736,S3-328160590,S3-418993641,S3-21699993,S3-233325603,S3-622071038,S3-550133832,S3-533247214,S3-828070921,S3-461382606,S3-797189446,S3-394026389,S3-54376152,S3-650147871,S3-778030295,S3-127630583,S3-721432062,S3-397435457,S3-859091620,S3-499559828
S1-852807313	S2-433082866,S2-303241266,S2-110742572,S2-327619724,S2-178104474,S2-49498139,S2-618942951,S2-832737171,S2-809703459,S2-999185819,S2-843253918,S2-442549744,S2-597541366,S2-152982672,S2-835924702,S2-66101295,S2-121028071,S2-42985588,S2-546267000,S2-449834409,S3-652966613,S3-664245182,S3-964521591,S3-261884330,S3-320788746,S3-130833027,S3-931673765,S3-885182304,S3-999219872,S3-427528839,S3-610320138,S3-963376463,S3-151179680,S3-853601063,S3-906054938,S3-735920022,S3-543295310,S3-967080734,S3-988733475,S3-800301796
S1-643209618	S2-929045263,S2-846314870,S2-637513010,S2-739704381,S2-773702503,S2-777883780,S2-518359538,S2-52240384,S2-985250085,S2-532302040,S2-823005792,S2-867017103,S2-369259989,S2-743638585,S2-970553438,S2-751446042,S2-423137986,S2-898655795,S2-20595754,S2-694714742,S3-152162461,S3-96792476,S3-834445675,S3-796031687,S3-488194688,S3-990696451,S3-284183363,S3-134390009,S3-649484822,S3-155530471,S3-88087807,S3-144397023,S3-71972839,S3-223572978,S3-632247235,S3-584959770,S3-612900204,S3-643309805,S3-872422320,S3-651933139
S1-581863940	S2-533517462,S2-572629757,S2-122938202,S2-301007505,S2-945210740,S2-54480866,S2-7239215,S2-865075828,S2-607307617,S2-926001316,S2-810655587,S2-27691538,S2-673126415,S2-154417014,S2-226687523,S2-342660511,S2-709073875,S2-755083962,S2-960946763,S2-832136809,S3-577238317,S3-45664806,S3-752605084,S3-556011313,S3-696100097,S3-719851443,S3-918078165,S3-10479023,S3-593406143,S3-722928224,S3-381413594,S3-617903667,S3-923698666,S3-439470033,S3-208225800,S3-473853,S3-932703712,S3-492167001,S3-572432762,S3-826711581
S1-225821819	S2-743206403,S2-909159851,S2-475371014,S2-530247686,S2-479068086,S2-297579015,S2-99486075,S2-623047669,S2-132805742,S2-970116590,S2-556868318,S2-427785200,S2-941668488,S2-155105281,S2-721306836,S2-620682641,S2-566897685,S2-625724763,S2-122323427,S2-42323233,S3-591095582,S3-183052937,S3-449481586,S3-369973365,S3-538093342,S3-134202745,S3-51326150,S3-103384644,S3-711367714,S3-64079929,S3-58919181,S3-823055810,S3-433862239,S3-47202950,S3-505897920,S3-798390923,S3-234369272,S3-692479419,S3-931704031,S3-624608934
S1-778630887	S2-809068195,S2-83969812,S2-631872543,S2-125897290,S2-381299396,S2-237782962,S2-382992771,S2-110404819,S2-769737985,S2-538308004,S2-25281859,S2-700748463,S2-585987719,S2-914263875,S2-405093582,S2-430731186,S2-726519344,S2-713714470,S2-813913309,S2-198807425,S3-654472101,S3-412547490,S3-111867863,S3-846580833,S3-365827125,S3-188434105,S3-307967619,S3-444447773,S3-293191041,S3-661559414,S3-754525224,S3-506541844,S3-327392822,S3-44757424,S3-566817710,S3-155934902,S3-525162440,S3-525652593,S3-421761107,S3-344186971
S1-377916068	S2-396608240,S2-189059848,S2-509359321,S2-587461132,S2-508913934,S2-35988050,S2-984581204,S2-304254740,S2-220655401,S2-213198288,S2-859832304,S2-411887024,S2-86763627,S2-152439839,S2-171153417,S2-107234800,S2-355644863,S2-820097852,S2-505763014,S2-499752072,S3-435406018,S3-118955015,S3-757558796,S3-92466136,S3-220850190,S3-119798285,S3-71174119,S3-178844943,S3-414790457,S3-188631124,S3-986358615,S3-30796756,S3-373406755,S3-730454913,S3-146112334,S3-78729026,S3-90268725,S3-531665674,S3-905036989,S3-330769479
S1-37907520	S2-627766170,S2-692058496,S2-617351435,S2-742203912,S2-279100070,S2-882111583,S2-786221111,S2-186927825,S2-107286971,S2-920937154,S2-45513020,S2-286443235,S2-1580600,S2-140047612,S2-945092453,S2-457753565,S2-590799047,S2-849662476,S2-949368971,S2-637517893,S3-784019251,S3-459435967,S3-50842118,S3-801178291,S3-937929471,S3-155795126,S3-362846412,S3-583617317,S3-815077333,S3-835898246,S3-754388223,S3-610470136,S3-748088896,S3-580928548,S3-904368192,S3-287426948,S3-449050115,S3-152237161,S3-742909076,S3-920400757
S1-637166800	S2-14192121,S2-15215043,S2-383337007,S2-963724407,S2-187095631,S2-348507560,S2-525643028,S2-578390034,S2-602989341,S2-478664207,S2-842093623,S2-183269961,S2-741250223,S2-924502363,S2-639526894,S2-811440615,S2-721132790,S2-404643754,S2-727778987,S2-172050141,S3-139320496,S3-619587422,S3-53045668,S3-802987607,S3-658080530,S3-122151986,S3-523931916,S3-724560370,S3-169086672,S3-27773227,S3-460768920,S3-316938598,S3-783906984,S3-443352653,S3-592606344,S3-825951552,S3-320456559,S3-325475602,S3-360965354,S3-375565512
S1-352595333	S2-510108222,S2-928825806,S2-856638473,S2-380611293,S2-767459842,S2-764689595,S2-24109198,S2-274196054,S2-895629971,S2-648831512,S2-473227155,S2-770440361,S2-317104646,S2-219660332,S2-854697816,S2-443894211,S2-73499637,S2-200306947,S2-806396939,S2-889887419,S3-678013332,S3-965174376,S3-196394957,S3-422173002,S3-70441716,S3-233256755,S3-853982930,S3-594781671,S3-11822562,S3-470731761,S3-541392451,S3-54215469,S3-213065966,S3-910646561,S3-723189787,S3-461023215,S3-641605338,S3-474560115,S3-257111088,S3-701866509
S1-333194875	S2-428616464,S2-939990947,S2-135506804,S2-942879442,S2-678711299,S2-49847957,S2-600592546,S2-953655726,S2-170571699,S2-752358374,S2-707825867,S2-774994327,S2-198070113,S2-734160830,S2-976721780,S2-201805072,S2-541984172,S2-434601263,S2-852642239,S2-17660158,S3-118235515,S3-535395157,S3-971619871,S3-126206545,S3-493039821,S3-65442473,S3-412486451,S3-384294912,S3-326064191,S3-832041200,S3-198121841,S3-222936671,S3-823055810,S3-234230645,S3-425805161,S3-734723095,S3-496721519,S3-306853514,S3-658997609,S3-722123078
S1-260721574	S2-928509858,S2-200454250,S2-950382099,S2-395171961,S2-239077864,S2-862685395,S2-752471454,S2-952516006,S2-592803907,S2-910300450,S2-787287741,S2-986308276,S2-58317150,S2-827207127,S2-227954425,S2-33966987,S2-73585044,S2-486132406,S2-996985077,S2-293450667,S3-673806171,S3-3116760,S3-587596483,S3-259406329,S3-834768601,S3-17678176,S3-482395546,S3-191709097,S3-979609617,S3-466885453,S3-398477081,S3-421154203,S3-508938760,S3-616169605,S3-873243986,S3-538460116,S3-958937599,S3-903236277,S3-841528786,S3-128208950
S1-677484813	S2-177068934,S2-486117065,S2-581487052,S2-375611524,S2-557855073,S2-392147999,S2-940295953,S2-531555467,S2-673065917,S2-801664931,S2-856755171,S2-630999444,S2-30314105,S2-951581501,S2-626711254,S2-570472378,S2-83672806,S2-678446093,S2-813668257,S2-448448577,S3-554031165,S3-635308633,S3-779336665,S3-780847125,S3-264064231,S3-849998815,S3-193956896,S3-52942602,S3-976874260,S3-975701650,S3-833723697,S3-33867850,S3-305743217,S3-10811871,S3-801657647,S3-508259452,S3-168823323,S3-235011256,S3-356660578,S3-52655798
S1-568320501	S2-566025912,S2-18872906,S2-726539574,S2-425262307,S2-827762797,S2-550178936,S2-333148428,S2-284319955,S2-783648666,S2-137812203,S2-237128865,S2-690393517,S2-736753207,S2-191613424,S2-629431053,S2-36620953,S2-381674860,S2-112638667,S2-839529,S2-699567452,S3-526463257,S3-488481193,S3-166117047,S3-687471713,S3-22005218,S3-619733019,S3-732045847,S3-940109683,S3-246364350,S3-514529646,S3-626357277,S3-551625275,S3-811412362,S3-377422755,S3-602532064,S3-175732102,S3-950004681,S3-943916703,S3-801638292,S3-624725926
S1-759995112	S2-270054473,S2-407858200,S2-485500058,S2-795371733,S2-640410882,S2-728664376,S2-905269234,S2-844526781,S2-416489580,S2-292542694,S2-130101900,S2-741435334,S2-728629370,S2-90611927,S2-254797379,S2-806469955,S2-871869761,S2-408954441,S2-193673831,S2-214788411,S3-965693718,S3-861024877,S3-636493648,S3-699804574,S3-615938411,S3-148354258,S3-342724546,S3-109977334,S3-904096630,S3-81732909,S3-893662077,S3-955906727,S3-89027235,S3-518908180,S3-899626433,S3-730169271,S3-590302550,S3-379597091,S3-638384280,S3-752469373
S1-443768681	S2-921872992,S2-595390147,S2-26274111,S2-361133873,S2-213689830,S2-478752933,S2-819588091,S2-276862140,S2-903683999,S2-340390872,S2-862699493,S2-812503095,S2-22034959,S2-685544492,S2-3129340,S2-299866408,S2-933273418,S2-476040629,S2-444178224,S2-923247863,S3-858213816,S3-558652409,S3-611925418,S3-438182899,S3-782897205,S3-930377575,S3-10556086,S3-991152155,S3-37782127,S3-143162876,S3-867678166,S3-459794976,S3-931835709,S3-722221059,S3-789768624,S3-348387887,S3-760264596,S3-422638742,S3-982755728,S3-472303958
S1-170472252	S2-189128065,S2-299291365,S2-102217837,S2-100405043,S2-204785387,S2-729335429,S2-678981366,S2-314981388,S2-259554507,S2-822357677,S2-440188392,S2-363292389,S2-82016478,S2-642565739,S2-740951662,S2-176056545,S2-16343901,S2-19724195,S2-248359843,S2-771990403,S3-487420241,S3-680851246,S3-616333091,S3-997390616,S3-400473669,S3-122285959,S3-472015903,S3-789935992,S3-993947253,S3-742415893,S3-791680988,S3-301205837,S3-195388810,S3-49673794,S3-927703147,S3-342569937,S3-976626436,S3-997588468,S3-390388627,S3-792941212
S1-311511012	S2-383998831,S2-418943034,S2-935508356,S2-38555282,S2-260079733,S2-62703710,S2-381678282,S2-583726078,S2-775586705,S2-837907635,S2-183256763,S2-707957876,S2-838595741,S2-992201461,S2-22207999,S2-299138179,S2-174225053,S2-360417048,S2-506757288,S2-753741803,S3-114631050,S3-508670484,S3-758523484,S3-375977098,S3-710947914,S3-240724875,S3-521263226,S3-356400134,S3-910453862,S3-852118466,S3-366129193,S3-379269964,S3-877760907,S3-184929784,S3-83556420,S3-697182716,S3-528803411,S3-347364637,S3-269479722,S3-885462891
S1-224275529	S2-73195347,S2-318946614,S2-360948016,S2-652356461,S2-450649420,S2-460764523,S2-86707779,S2-805062970,S2-911312911,S2-878161099,S2-147170539,S2-364790832,S2-91937451,S2-854532458,S2-671636822,S2-630817745,S2-379254028,S2-572178958,S2-785901867,S2-40174045,S3-153918356,S3-696693948,S3-687630090,S3-655897654,S3-497015519,S3-954470998,S3-186428220,S3-809548655,S3-951476649,S3-738031594,S3-203625386,S3-593500151,S3-570016803,S3-618543776,S3-213731749,S3-898320672,S3-690366603,S3-890063254,S3-800689557,S3-688194826
S1-427329185	S2-151910342,S2-591216163,S2-828582121,S2-72224303,S2-965965831,S2-738478917,S2-712672846,S2-743722065,S2-800227761,S2-474584251,S2-974280108,S2-85856138,S2-665107455,S2-890463407,S2-211217484,S2-795211191,S2-363356875,S2-433188453,S2-511159681,S2-310858709,S3-319467799,S3-827689764,S3-994395902,S3-395726964,S3-596129968,S3-398629304,S3-883192160,S3-526324268,S3-417979534,S3-456334254,S3-38115899,S3-120165679,S3-540353197,S3-650369891,S3-927184797,S3-815299864,S3-735138951,S3-362373055,S3-977775607,S3-67793607
S1-417606815	S2-756973128,S2-34433329,S2-479511,S2-802796687,S2-794297369,S2-90757154,S2-578973470,S2-511679446,S2-456013037,S2-358410194,S2-321161983,S2-861080606,S2-76733176,S2-587912207,S2-585135912,S2-108016829,S2-695175095,S2-294551466,S2-496499957,S2-792359755,S3-354444762,S3-119633205,S3-574957491,S3-331657116,S3-688704623,S3-947069659,S3-934227232,S3-560297494,S3-521949983,S3-50265618,S3-409202511,S3-333253188,S3-909141698,S3-605864449,S3-243385559,S3-452101742,S3-683568308,S3-535242912,S3-245645434,S3-302297491
S1-488457630	S2-439731977,S2-352424838,S2-250004427,S2-188248872,S2-315802005,S2-734527330,S2-489930116,S2-35399559,S2-183551207,S2-356116028,S2-825445187,S2-620129805,S2-443429163,S2-143372795,S2-572460743,S2-340957095,S2-429245631,S2-953793558,S2-53084416,S2-800329077,S3-281837290,S3-464942953,S3-505644942,S3-793983156,S3-679255612,S3-355788951,S3-930315897,S3-87549972,S3-963453977,S3-989669216,S3-313491143,S3-554561715,S3-213043763,S3-142164601,S3-507043143,S3-858243190,S3-352943320,S3-913909746,S3-170996332,S3-762191017
S1-818470647	S2-744698368,S2-257520714,S2-706320436,S2-25994172,S2-29468489,S2-617853586,S2-75064447,S2-667400024,S2-257671681,S2-438218444,S2-441851822,S2-250059624,S2-545780191,S2-486015236,S2-989571310,S2-903358057,S2-642750350,S2-904654495,S2-796755630,S2-159340144,S3-560309214,S3-966568687,S3-67275236,S3-759637081,S3-581130056,S3-578229447,S3-945895251,S3-165581972,S3-790092825,S3-685278914,S3-376335335,S3-655053770,S3-901233389,S3-423040927,S3-324792015,S3-721100728,S3-132313994,S3-926287201,S3-766462123,S3-415775549
S1-534346740	S2-461538733,S2-509966472,S2-711321945,S2-909130034,S2-879774964,S2-472964087,S2-704409228,S2-593541268,S2-974105938,S2-624072726,S2-497867787,S2-605982581,S2-842964322,S2-253568804,S2-697761040,S2-37036458,S2-861080606,S2-575003280,S2-121558320,S2-673277860,S3-798760131,S3-31366870,S3-502054358,S3-80249058,S3-210670630,S3-717510,S3-158901285,S3-894522936,S3-31923665,S3-269316890,S3-576751328,S3-163696993,S3-537624529,S3-993177416,S3-320986895,S3-249612870,S3-375704678,S3-590242961,S3-728972548,S3-92960862
S1-729626041	S2-677647040,S2-231648798,S2-221863105,S2-847932085,S2-166358563,S2-773751395,S2-787861634,S2-726282673,S2-881561699,S2-612019311,S2-424566580,S2-622700814,S2-849825170,S2-40956232,S2-135773466,S2-445827489,S2-415101198,S2-968031777,S2-264885240,S2-253321957,S3-469711003,S3-805900132,S3-737639982,S3-902097895,S3-316189691,S3-705422640,S3-328383675,S3-788883176,S3-981947206,S3-762984902,S3-822848089,S3-283011793,S3-385258684,S3-720150706,S3-609933190,S3-51514182,S3-188749563,S3-469159671,S3-29449189,S3-109082896
S1-204633959	S2-436592406,S2-617935311,S2-579717972,S2-261347002,S2-463203017,S2-848849349,S2-304673281,S2-347247206,S2-793247908,S2-784220206,S2-96368991,S2-284038382,S2-918675479,S2-578367514,S2-902239948,S2-68762834,S2-664384620,S2-273197246,S2-443767849,S2-539933445,S3-541369126,S3-388532820,S3-516661246,S3-869619159,S3-570085105,S3-328167820,S3-508737588,S3-238589225,S3-98654142,S3-157064547,S3-810537535,S3-327496689,S3-797434974,S3-662474840,S3-803818793,S3-742404090,S3-206642656,S3-488838453,S3-808607687,S3-953287037
S1-155512047	S2-271269344,S2-433954722,S2-463924906,S2-681038146,S2-6815110,S2-902552390,S2-988607315,S2-215380273,S2-240402694,S2-70804831,S2-416737331,S2-638729308,S2-506757288,S2-947721236,S2-434482735,S2-899035546,S2-495837003,S2-739546465,S2-910650472,S2-931507841,S3-470993856,S3-459550291,S3-569016440,S3-540467133,S3-138273490,S3-260812104,S3-563662688,S3-606559980,S3-775629298,S3-124884606,S3-96825760,S3-855226001,S3-327248649,S3-412160276,S3-967165489,S3-597760194,S3-496513676,S3-341874857,S3-865571670,S3-258552232
S1-553186193	S2-964779442,S2-301885942,S2-515828078,S2-140822549,S2-257063707,S2-777012066,S2-851010216,S2-775505542,S2-856340316,S2-286926428,S2-177423852,S2-459343876,S2-855342178,S2-459320637,S2-83925178,S2-403867866,S2-568096905,S2-682546847,S2-163300152,S2-985557432,S3-381103893,S3-399537639,S3-615347245,S3-50374457,S3-869883007,S3-802844273,S3-466227033,S3-403852704,S3-620599156,S3-939227531,S3-73500917,S3-673793367,S3-630223096,S3-872013487,S3-424465372,S3-76324096,S3-776755674,S3-132968194,S3-496550311,S3-258970374
S1-42502314	S2-709178560,S2-410489045,S2-282032752,S2-94272493,S2-835223214,S2-714176640,S2-241821635,S2-984295957,S2-77078041,S2-300775290,S2-98240836,S2-954061901,S2-203520208,S2-372606362,S2-742519605,S2-280847874,S2-145858923,S2-673317537,S2-318490708,S2-274294369,S3-851673454,S3-129765991,S3-998972634,S3-973989954,S3-81635540,S3-31186638,S3-886058263,S3-231180327,S3-490274047,S3-803869424,S3-500790577,S3-480260850,S3-438853019,S3-543550490,S3-768687660,S3-68582916,S3-368459393,S3-706521323,S3-286485835,S3-876245652
S1-317114355	S2-55014600,S2-19284707,S2-341120745,S2-784501580,S2-610439446,S2-303227904,S2-536385522,S2-266959208,S2-860263602,S2-129500322,S2-988565175,S2-352237416,S2-111077066,S2-773345204,S2-119596333,S2-163913234,S2-958344410,S2-972432542,S2-285700905,S2-32189137,S3-107309468,S3-968717937,S3-598568146,S3-112323544,S3-720452393,S3-173344473,S3-710423034,S3-608869387,S3-529693571,S3-944190628,S3-282747317,S3-418519982,S3-150940451,S3-939137128,S3-388145416,S3-327588487,S3-418190260,S3-837339481,S3-917255658,S3-559108022
S1-334574390	S2-301981448,S2-753100466,S2-737440940,S2-624602452,S2-169916360,S2-407520853,S2-28261819,S2-240516479,S2-689076809,S2-818712595,S2-238841828,S2-312229510,S2-443848790,S2-855058314,S2-665669145,S2-487634400,S2-740098002,S2-537603717,S2-272174221,S2-190694898,S3-225897891,S3-343106529,S3-275517283,S3-817578372,S3-309227602,S3-729266513,S3-443091970,S3-458469162,S3-944019759,S3-752539799,S3-860210971,S3-239397496,S3-816670548,S3-558915585,S3-850159371,S3-910192346,S3-880262605,S3-449675354,S3-279703497,S3-141062343
S1-649110450	S2-367206746,S2-698118591,S2-728822231,S2-414012891,S2-392587514,S2-929941625,S2-266834478,S2-865145922,S2-807440663,S2-660199760,S2-414558275,S2-13209531,S2-67600942,S2-795643908,S2-881097259,S2-532827793,S2-107765630,S2-60682691,S2-873567298,S2-749614130,S3-764262401,S3-347560578,S3-204115708,S3-234788494,S3-572852916,S3-214983663,S3-7577437,S3-623635836,S3-621019792,S3-983540086,S3-696746540,S3-512260744,S3-193338334,S3-701953372,S3-539265354,S3-533215747,S3-395035879,S3-924326168,S3-613662854,S3-661032183
S1-533417053	S2-591481302,S2-84439340,S2-916215074,S2-2033949,S2-197975532,S2-978698616,S2-446545645,S2-844834468,S2-242950564,S2-32666080,S2-217468773,S2-406790303,S2-307848606,S2-580044694,S2-890637437,S2-360549470,S2-558259034,S2-632662428,S2-880601456,S2-900292666,S3-304290546,S3-444972019,S3-846426092,S3-642877721,S3-634054383,S3-738758511,S3-188407349,S3-847293799,S3-617524788,S3-231289205,S3-381219739,S3-830005345,S3-372383867,S3-795020986,S3-206588550,S3-147393291,S3-112921665,S3-951817291,S3-502010675,S3-216204289
S1-152550844	S2-143783156,S2-790695031,S2-599106166,S2-139615959,S2-314794867,S2-824282783,S2-614129032,S2-998362525,S2-213310785,S2-181679222,S2-231101594,S2-993934882,S2-730665666,S2-310837198,S2-318508656,S2-553971690,S2-105255255,S2-647059994,S2-595390147,S2-363789657,S3-913007049,S3-520428997,S3-207289736,S3-794512381,S3-767488692,S3-734138981,S3-448370552,S3-12616839,S3-629400882,S3-213389426,S3-249338451,S3-113459657,S3-428901833,S3-284447814,S3-654177357,S3-878156323,S3-558652409,S3-719214149,S3-715148342,S3-722221059
S1-643493833	S2-63091158,S2-639459227,S2-722246594,S2-718616529,S2-204895581,S2-364583201,S2-563535225,S2-528048709,S2-414301906,S2-592018357,S2-151979427,S2-585610563,S2-328707787,S2-193242233,S2-502064421,S2-918764151,S2-907022103,S2-391532098,S2-981136726,S2-407990681,S3-774339907,S3-76033373,S3-951751701,S3-284311273,S3-36457206,S3-589354515,S3-345723933,S3-148090531,S3-210737726,S3-575450230,S3-441977033,S3-366058287,S3-527553019,S3-871394545,S3-425548346,S3-875839583,S3-217811611,S3-188417253,S3-96005225,S3-558870882
S1-734921625	S2-197325139,S2-21428318,S2-286567926,S2-211635416,S2-57536995,S2-199401947,S2-516681311,S2-570409584,S2-72969210,S2-732602678,S2-329011862,S2-851636302,S2-52587820,S2-875057500,S2-373372539,S2-908991233,S2-773884609,S2-26090735,S2-362429675,S2-594910009,S3-575375982,S3-54910584,S3-308214905,S3-885974812,S3-181578582,S3-509195971,S3-542888780,S3-11341631,S3-85540142,S3-509825670,S3-725969729,S3-452219391,S3-359590560,S3-213949930,S3-740077374,S3-423446747,S3-160483030,S3-449583171,S3-838840863,S3-913211514
S1-68108533	S2-534660031,S2-245896569,S2-572786399,S2-474475305,S2-819310622,S2-57547061,S2-8949405,S2-813362237,S2-900618190,S2-912465764,S2-207647319,S2-803775063,S2-722125827,S2-970362915,S2-454665039,S2-532580959,S2-610666678,S2-36593555,S2-278134250,S2-65576636,S3-624415148,S3-852074413,S3-507591961,S3-649815974,S3-390613273,S3-806768497,S3-728063422,S3-956798263,S3-311368097,S3-364669903,S3-917077567,S3-243429761,S3-378981027,S3-984173470,S3-488950043,S3-534856399,S3-700545098,S3-262167067,S3-186956598,S3-357487893
S1-789286562	S2-107746858,S2-462414628,S2-30392880,S2-700088521,S2-233578557,S2-139163956,S2-363312407,S2-211614390,S2-618314392,S2-184909871,S2-964465900,S2-766310014,S2-61668330,S2-178779915,S2-885262530,S2-376429968,S2-885577295,S2-357874611,S2-658732901,S2-902284938,S3-114925679,S3-288696383,S3-308519980,S3-325472450,S3-322744277,S3-902640883,S3-35206853,S3-255192686,S3-526089109,S3-388972379,S3-570973088,S3-460759790,S3-623569311,S3-258187603,S3-888628562,S3-967721384,S3-385213957,S3-173037183,S3-138884326,S3-390733028
S1-493735795	S2-918973885,S2-582670490,S2-27701653,S2-712394630,S2-832593279,S2-980958832,S2-378429885,S2-288203546,S2-751829870,S2-114482664,S2-279836860,S2-964296464,S2-253694221,S2-233284988,S2-115236597,S2-510473799,S2-690275089,S2-849187717,S2-966197952,S2-488741274,S3-809877508,S3-921845617,S3-185191713,S3-519410368,S3-860796748,S3-466884459,S3-475581275,S3-988495405,S3-326625754,S3-833912747,S3-514467539,S3-279499264,S3-633237067,S3-431238185,S3-954659979,S3-99799420,S3-549134122,S3-408127072,S3-213658481,S3-459523658
S1-870309113	S2-374536820,S2-670066209,S2-836980313,S2-518851015,S2-644189313,S2-780591402,S2-249741531,S2-412606139,S2-168305430,S2-856112530,S2-787788460,S2-911429299,S2-358654608,S2-550743553,S2-758213795,S2-555271683,S2-212797800,S2-976232188,S2-898050654,S2-171201514,S3-131558246,S3-44912387,S3-788359489,S3-487797628,S3-862409930,S3-913536202,S3-273172824,S3-71504117,S3-269409801,S3-883884833,S3-987395757,S3-393879217,S3-126191316,S3-160093428,S3-987375755,S3-802404863,S3-743384144,S3-831020147,S3-182807662,S3-606771095
S1-755184527	S2-558161134,S2-977575325,S2-409558077,S2-129591967,S2-940427858,S2-965581679,S2-679926245,S2-34747422,S2-85596738,S2-58149003,S2-610631547,S2-421787463,S2-722777300,S2-316245682,S2-67534428,S2-145032729,S2-492125305,S2-848473689,S2-551334309,S2-948522134,S3-879372949,S3-296233754,S3-741782747,S3-98389589,S3-856149276,S3-842638405,S3-406720178,S3-583743753,S3-94843853,S3-240620555,S3-739603593,S3-115007529,S3-404533300,S3-333872433,S3-256467237,S3-127891906,S3-248127593,S3-897164409,S3-178228976,S3-422903536
S1-741750910	S2-868296883,S2-373166659,S2-858916133,S2-951148549,S2-821424232,S2-981442259,S2-644425120,S2-851224804,S2-320393946,S2-412565852,S2-211199727,S2-337911108,S2-90748223,S2-378335414,S2-325810181,S2-134319138,S2-763055310,S2-631349366,S2-978381805,S2-286678429,S3-761357710,S3-904978566,S3-224061511,S3-510242626,S3-438632688,S3-178066132,S3-395211904,S3-567125576,S3-746116040,S3-265476196,S3-618510813,S3-760062880,S3-850607963,S3-256247414,S3-848727689,S3-997618439,S3-27884346,S3-315168318,S3-79924028,S3-939421124
S1-396704474	S2-899593592,S2-161241475,S2-695671426,S2-33989518,S2-357942210,S2-651089891,S2-456530391,S2-90679754,S2-299924624,S2-857486503,S2-565290305,S2-563237016,S2-689160244,S2-567292944,S2-539246019,S2-795736147,S2-648102097,S2-309849527,S2-441669570,S2-961212022,S3-396900312,S3-665745353,S3-314985253,S3-605384626,S3-812988004,S3-734245149,S3-553144164,S3-385580704,S3-139813836,S3-493577498,S3-946532156,S3-389135633,S3-291376084,S3-54808490,S3-385719832,S3-8737496,S3-300083182,S3-244891924,S3-545853950,S3-130107979
S1-77449994	S2-283203022,S2-603765591,S2-986736517,S2-276198613,S2-216954506,S2-272090697,S2-838125368,S2-108475702,S2-648736664,S2-754579364,S2-603997593,S2-789698410,S2-273001448,S2-47518656,S2-621640141,S2-328922214,S2-555905494,S2-763290471,S2-357561362,S2-262986778,S3-79193441,S3-342435150,S3-784044542,S3-979337742,S3-760500280,S3-557164255,S3-195401221,S3-103394871,S3-356482943,S3-537637255,S3-275190706,S3-46060770,S3-249604660,S3-157694791,S3-492279078,S3-987054208,S3-837942449,S3-982596249,S3-52400636,S3-797232476
S1-607302089	S2-748871298,S2-928825806,S2-827895872,S2-383638191,S2-3058794,S2-767459842,S2-648831512,S2-61690294,S2-260138348,S2-123684620,S2-162731022,S2-616901631,S2-443894211,S2-473227155,S2-777631118,S2-936126573,S2-881579316,S2-274196054,S2-459011055,S2-25589023,S3-470731761,S3-463959876,S3-474560115,S3-422173002,S3-541392451,S3-331880758,S3-257111088,S3-379094706,S3-213065966,S3-674050428,S3-11822562,S3-220244171,S3-129467423,S3-765725529,S3-521096016,S3-841476090,S3-117746807,S3-594781671,S3-153421555,S3-245692338
S1-80873383	S2-695566970,S2-134471437,S2-216986601,S2-175110533,S2-65537831,S2-685041560,S2-660343404,S2-818236267,S2-575768632,S2-140122001,S2-262422550,S2-344687601,S2-884252955,S2-226944340,S2-311315313,S2-181327831,S2-176740002,S2-208995538,S2-339033086,S2-518088642,S3-156174783,S3-909722234,S3-309200311,S3-610145198,S3-152643787,S3-427306071,S3-719593848,S3-128793105,S3-946859368,S3-159594423,S3-960363647,S3-951418237,S3-944377666,S3-774839719,S3-113477780,S3-462938638,S3-443251168,S3-255851040,S3-95786159,S3-993374277
S1-194589041	S2-7027034,S2-381258750,S2-309129827,S2-715860800,S2-38467710,S2-115354394,S2-223173088,S2-376783050,S2-480577582,S2-993045242,S2-999472923,S2-466882654,S2-301992465,S2-526774219,S2-802568832,S2-693601643,S2-385976527,S2-774728277,S2-181985125,S2-127370425,S3-939534975,S3-788362375,S3-558756288,S3-498533545,S3-221347593,S3-260279784,S3-690066751,S3-959186076,S3-28107983,S3-744744761,S3-941725839,S3-797805377,S3-925257831,S3-511364793,S3-384331001,S3-206400744,S3-153815098,S3-784448958,S3-361401220,S3-754220350
S1-550464269	S2-224278037,S2-128474442,S2-833273458,S2-600591971,S2-851420870,S2-608121189,S2-406442615,S2-928036758,S2-679945432,S2-639374883,S2-774453979,S2-431975252,S2-237505292,S2-379787940,S2-50378172,S2-148979182,S2-477385543,S2-774260405,S2-250404194,S2-972465827,S3-643531990,S3-300815730,S3-594188441,S3-48492647,S3-24026143,S3-668442788,S3-869401113,S3-53762159,S3-875650491,S3-810106823,S3-631180714,S3-570959074,S3-328167820,S3-8099047,S3-870994306,S3-435685881,S3-197809304,S3-466073079,S3-557926913,S3-58132163
S1-405440827	S2-380419750,S2-317636270,S2-928703176,S2-693890789,S2-551013498,S2-697312230,S2-477681176,S2-288297914,S2-996031051,S2-169854233,S2-594102362,S2-24805160,S2-129027407,S2-115754405,S2-356163016,S2-742169755,S2-317152736,S2-43681297,S2-876418317,S2-975291397,S3-65317174,S3-955931165,S3-521830371,S3-106599462,S3-514684468,S3-582573440,S3-695594100,S3-422367488,S3-722841055,S3-997091699,S3-310433228,S3-706485564,S3-940412754,S3-949785422,S3-809305235,S3-813519270,S3-766147559,S3-611485883,S3-773664348,S3-662425921
S1-500922440	S2-826409721,S2-458428004,S2-51693488,S2-72684220,S2-512737658,S2-423472119,S2-965195000,S2-913916163,S2-294562240,S2-932237865,S2-662590145,S2-582318854,S2-338100556,S2-180634553,S2-702471485,S2-550697952,S2-987126275,S2-581613463,S2-646167966,S2-720068854,S3-246903895,S3-296500511,S3-996292956,S3-283809033,S3-734744338,S3-456609415,S3-938198076,S3-996787733,S3-985156700,S3-784682413,S3-620925134,S3-869272551,S3-57553088,S3-754111521,S3-478785182,S3-518780877,S3-45826598,S3-638380686,S3-103152765,S3-691691706
S1-111694025	S2-787256121,S2-55766081,S2-903002748,S2-484814470,S2-101568083,S2-865026477,S2-916383925,S2-145393623,S2-940820936,S2-778054427,S2-671315764,S2-149615437,S2-494950320,S2-39005200,S2-898805739,S2-194184115,S2-854460119,S2-372717695,S2-821399143,S2-23425612,S3-926165442,S3-252251349,S3-553502488,S3-72584729,S3-606385790,S3-925916167,S3-111708547,S3-523634672,S3-250488404,S3-260818126,S3-378445777,S3-567151563,S3-664686946,S3-113950291,S3-941643599,S3-661765799,S3-191298711,S3-563546344,S3-284702369,S3-278759204
S1-760235082	S2-195727930,S2-399784486,S2-802514668,S2-889733901,S2-884040388,S2-700317406,S2-891464674,S2-263837044,S2-401243432,S2-396798918,S2-86458130,S2-125262185,S2-930866693,S2-124606783,S2-281977031,S2-308023845,S2-64863384,S2-249770710,S2-801866606,S2-501606504,S3-953376357,S3-567495138,S3-748694105,S3-248658177,S3-378553373,S3-939718474,S3-132427387,S3-409943632,S3-333543278,S3-975520022,S3-190683263,S3-641779866,S3-694623331,S3-220672970,S3-330142688,S3-47685000,S3-650185528,S3-325475602,S3-808808042,S3-935050981
S1-445143782	S2-487671226,S2-333148428,S2-690426266,S2-259675845,S2-75313678,S2-28211372,S2-681593847,S2-204400877,S2-566025912,S2-376751098,S2-485791035,S2-641868026,S2-301073018,S2-601332796,S2-836098370,S2-690129109,S2-207791381,S2-238848449,S2-255801161,S2-685555753,S3-622997959,S3-620755797,S3-246364350,S3-28459965,S3-816264443,S3-335269241,S3-983160586,S3-504729320,S3-393119983,S3-811809635,S3-361674292,S3-258507370,S3-841761106,S3-884718125,S3-774154430,S3-459247065,S3-973362928,S3-879317106,S3-579274149,S3-505055450
S1-17665971	S2-234630261,S2-159960244,S2-537182280,S2-541028987,S2-473658611,S2-2279520,S2-130257244,S2-731113089,S2-212344280,S2-659431483,S2-236364970,S2-941022122,S2-536451479,S2-636134374,S2-119730801,S2-323225159,S2-620859604,S2-535986976,S2-340179910,S2-652004294,S3-707610036,S3-909331945,S3-612550414,S3-400716639,S3-322003570,S3-742790373,S3-734635230,S3-728864800,S3-122752637,S3-861985507,S3-240294111,S3-868045523,S3-167112105,S3-391468831,S3-39071238,S3-43103744,S3-126108201,S3-570302023,S3-773490177,S3-163795009
S1-131623880	S2-754632405,S2-962127209,S2-641813736,S2-266010026,S2-150381432,S2-760152848,S2-969574474,S2-940366297,S2-261210990,S2-517621175,S2-149726747,S2-487760499,S2-16482869,S2-39547519,S2-817424023,S2-362298658,S2-946072848,S2-48456517,S2-222705990,S2-423536344,S3-28336882,S3-935110911,S3-75492936,S3-559853302,S3-935930463,S3-109796435,S3-2829620,S3-818948740,S3-715186323,S3-134959390,S3-132231749,S3-610617902,S3-15156962,S3-816369919,S3-47771899,S3-157732099,S3-650068097,S3-786411140,S3-465377720,S3-689243815
S1-453383072	S2-66956466,S2-544829479,S2-305819239,S2-960004687,S2-102842762,S2-929911816,S2-246077211,S2-472678690,S2-569284403,S2-717813805,S2-666891678,S2-587657473,S2-739722805,S2-394343179,S2-956170846,S2-829547526,S2-300795115,S2-199377315,S2-933273418,S2-817751216,S3-427033713,S3-492688397,S3-147352057,S3-960409315,S3-155279112,S3-268907071,S3-26560229,S3-179843955,S3-862574893,S3-107776326,S3-143162876,S3-363168522,S3-86408074,S3-37782127,S3-554666034,S3-6074358,S3-659228456,S3-12122868,S3-789768624,S3-94344001
S1-573827896	S2-840734239,S2-555274307,S2-901684899,S2-174267507,S2-415194033,S2-660050445,S2-338960565,S2-596905453,S2-871771737,S2-725430941,S2-825158584,S2-560117680,S2-534764693,S2-338306388,S2-84605393,S2-14888282,S2-322580998,S2-652893152,S2-153993953,S2-596856473,S3-420556245,S3-43479734,S3-414125276,S3-122618306,S3-566249394,S3-421763010,S3-329168372,S3-538199397,S3-384321184,S3-299603866,S3-713408612,S3-884662241,S3-704207971,S3-509187392,S3-563962142,S3-785281016,S3-552966868,S3-970529444,S3-282891543,S3-841271593
S1-740059747	S2-867105488,S2-236789039,S2-816159675,S2-994698399,S2-141738332,S2-902019200,S2-902405782,S2-299773091,S2-109448412,S2-283675051,S2-571106892,S2-413110201,S2-776084391,S2-6373637,S2-698518131,S2-761740572,S2-929254717,S2-710254316,S2-530498653,S2-357019467,S3-811769025,S3-313023944,S3-567691471,S3-509086279,S3-437530632,S3-475233365,S3-124044603,S3-130614843,S3-896278285,S3-856478023,S3-83608534,S3-429129342,S3-644284262,S3-777436921,S3-189656635,S3-182704141,S3-339751850,S3-684954784,S3-924581262,S3-306768375
S1-979645754	S2-142636929,S2-746936499,S2-724711831,S2-293450667,S2-318324220,S2-809773430,S2-605217988,S2-357515538,S2-137736816,S2-901231485,S2-24863164,S2-579413969,S2-924607356,S2-323842677,S2-326481594,S2-11670369,S2-759374165,S2-343345551,S2-941338685,S2-787287741,S3-817239550,S3-650602551,S3-335582092,S3-463587034,S3-100689070,S3-10873961,S3-616169605,S3-268106720,S3-397401848,S3-3116760,S3-121200991,S3-482395546,S3-247878585,S3-258295008,S3-515747426,S3-182809268,S3-55560171,S3-259406329,S3-42127621,S3-334031042
S1-5694837	S2-646833860,S2-66354294,S2-719118364,S2-773873595,S2-84473557,S2-601485334,S2-198062776,S2-412749886,S2-303854659,S2-507544755,S2-16689471,S2-109504328,S2-255281915,S2-626001913,S2-772475174,S2-960043156,S2-678277122,S2-133459460,S2-884119882,S2-277278938,S3-659641953,S3-546424284,S3-610963014,S3-982791198,S3-589613152,S3-108416048,S3-130230106,S3-622313433,S3-706767510,S3-120474184,S3-368328676,S3-773528691,S3-443930786,S3-27862473,S3-48560444,S3-589489453,S3-979479614,S3-418721679,S3-37032080,S3-302908215
S1-895155435	S2-852215716,S2-548090894,S2-79830555,S2-216159416,S2-102826457,S2-407449082,S2-772177565,S2-603795944,S2-49380931,S2-489246828,S2-986891816,S2-279126461,S2-681129137,S2-982708085,S2-67751015,S2-333791264,S2-864979545,S2-415988390,S2-879741737,S2-783040458,S3-882450967,S3-219941661,S3-523398296,S3-398996880,S3-791800606,S3-770559313,S3-133281780,S3-511747861,S3-843755284,S3-566808428,S3-499792168,S3-80840290,S3-282449857,S3-429285710,S3-863804812,S3-526807073,S3-27804373,S3-871021194,S3-968990105,S3-648791962
S1-552090769	S2-142338793,S2-366448407,S2-258452307,S2-615230314,S2-419104112,S2-597837728,S2-538708127,S2-664693676,S2-154643691,S2-440948455,S2-546285481,S2-423090994,S2-38062581,S2-282609483,S2-984478253,S2-383659064,S2-721580003,S2-207683269,S2-662841013,S2-215084310,S3-352477101,S3-17568830,S3-786699127,S3-632360709,S3-205597451,S3-164138515,S3-453371895,S3-153815098,S3-602444643,S3-731285889,S3-200927431,S3-925257831,S3-784093979,S3-749399537,S3-260279784,S3-990010997,S3-51573020,S3-760014414,S3-474498736,S3-797805377
S1-444520529	S2-357230253,S2-440807919,S2-899621500,S2-312023463,S2-902405700,S2-310551193,S2-693866929,S2-919732103,S2-36616184,S2-619808310,S2-240533870,S2-487339836,S2-76480247,S2-67284424,S2-413181541,S2-339439488,S2-192514667,S2-218361745,S2-213333081,S2-438240330,S3-481312540,S3-819527171,S3-731096130,S3-552515293,S3-272614999,S3-632795671,S3-235064862,S3-998453557,S3-593149682,S3-670625080,S3-360636440,S3-552638707,S3-649271723,S3-817719554,S3-308982079,S3-731591312,S3-871386790,S3-423736253,S3-250464947,S3-584874255
S1-481259122	S2-123163259,S2-801282962,S2-428361632,S2-243320329,S2-634404522,S2-511135436,S2-167884471,S2-839138177,S2-802605152,S2-580063373,S2-568342941,S2-632374204,S2-521828586,S2-481305964,S2-99485185,S2-259783588,S2-291848662,S2-244689200,S2-738260473,S2-559079607,S3-705270356,S3-404492430,S3-270379587,S3-357523866,S3-600382514,S3-951591233,S3-520257820,S3-532426007,S3-571950428,S3-111929852,S3-956865354,S3-491923713,S3-989699491,S3-584402685,S3-689207655,S3-893742940,S3-823234835,S3-796030114,S3-630413973,S3-1270489
S1-170318976	S2-397848451,S2-42374980,S2-514854269,S2-66923461,S2-907915171,S2-145584099,S2-347173599,S2-320903178,S2-797344923,S2-297479784,S2-816017658,S2-678019416,S2-780455380,S2-57939436,S2-56432415,S2-228878181,S2-69810253,S2-563884324,S2-277600738,S2-53538874,S3-276143643,S3-956975292,S3-916697848,S3-531046809,S3-186730884,S3-928442307,S3-244150106,S3-318022481,S3-62263594,S3-203221637,S3-91507522,S3-599417485,S3-112312803,S3-596400308,S3-556524185,S3-574760491,S3-22737041,S3-191800305,S3-988091883,S3-838620002
S1-254586049	S2-445248448,S2-519920719,S2-178295771,S2-777256368,S2-651342537,S2-12185552,S2-643855962,S2-787844321,S2-710830485,S2-554134577,S2-46970865,S2-471303511,S2-907641246,S2-994528455,S2-158958760,S2-288567387,S2-540613119,S2-5479801,S2-876513920,S2-10692696,S3-803904627,S3-246485835,S3-192295368,S3-343388041,S3-927720185,S3-250882843,S3-857183109,S3-38681905,S3-571327237,S3-936553552,S3-117250439,S3-171412724,S3-537519885,S3-879987731,S3-681485485,S3-836930547,S3-630542679,S3-275293417,S3-730079493,S3-753433095
S1-626957328	S2-753069994,S2-694697590,S2-584799971,S2-34483308,S2-568958055,S2-163123450,S2-403186935,S2-763720598,S2-585107400,S2-428112890,S2-904100915,S2-821771944,S2-375218523,S2-131201623,S2-373251479,S2-865714963,S2-280874849,S2-748449054,S2-765559686,S2-452843486,S3-439406366,S3-602041987,S3-782341251,S3-752129348,S3-46572747,S3-832238839,S3-371201260,S3-102404928,S3-308387912,S3-797381132,S3-522250218,S3-527516211,S3-761187607,S3-271312351,S3-205384108,S3-455886968,S3-352043222,S3-77064774,S3-177360640,S3-127166902
S1-820877559	S2-125897290,S2-381299396,S2-948516259,S2-261985190,S2-631872543,S2-907518788,S2-83969812,S2-713714470,S2-809068195,S2-198807425,S2-467903681,S2-405093582,S2-809137916,S2-201334256,S2-382992771,S2-237782962,S2-258297963,S2-520641242,S2-769737985,S2-45859596,S3-307967619,S3-111867863,S3-846580833,S3-654472101,S3-412547490,S3-673847918,S3-188434105,S3-840873246,S3-421761107,S3-754525224,S3-661559414,S3-293191041,S3-189102088,S3-327392822,S3-823359432,S3-506541844,S3-894725655,S3-388355858,S3-444447773,S3-1457387
S1-111296778	S2-989341419,S2-393680165,S2-344366294,S2-132260715,S2-326899624,S2-718616529,S2-28080211,S2-245956900,S2-994705111,S2-592018357,S2-355378370,S2-103737875,S2-135908741,S2-364583201,S2-431172890,S2-787620952,S2-923451770,S2-824850781,S2-626516204,S2-746144845,S3-500781369,S3-447236069,S3-884176566,S3-940646052,S3-494027967,S3-953568238,S3-742533581,S3-284591976,S3-330737711,S3-192838291,S3-717383949,S3-36457206,S3-175307813,S3-624545586,S3-160961194,S3-520800377,S3-366975565,S3-966015395,S3-934087460,S3-606768697
S1-847310129	S2-152000251,S2-591841231,S2-164454648,S2-168620107,S2-565474831,S2-558211503,S2-969013975,S2-363884092,S2-198202218,S2-631563082,S2-460240086,S2-80318643,S2-938519128,S2-998817391,S2-890379444,S2-323842677,S2-166049173,S2-214523811,S2-523221888,S2-759374165,S3-824319384,S3-596342265,S3-176119589,S3-156615112,S3-347846986,S3-306104556,S3-587577331,S3-218777131,S3-578260121,S3-76340991,S3-571230639,S3-26435838,S3-775197030,S3-721801189,S3-619367015,S3-819474327,S3-463023353,S3-304155947,S3-216782237,S3-390603382
S1-546941880	S2-742074776,S2-573858895,S2-900826521,S2-402667390,S2-118620798,S2-589083365,S2-231220480,S2-637469359,S2-594388053,S2-323492898,S2-224428854,S2-683398577,S2-289022157,S2-148144634,S2-786929945,S2-839472548,S2-122013824,S2-825197635,S2-287062199,S2-724720996,S3-174976435,S3-333670300,S3-925938220,S3-381008246,S3-395051571,S3-576774005,S3-744548861,S3-21915052,S3-613185838,S3-358623125,S3-983809952,S3-692485801,S3-981195947,S3-995337327,S3-905497206,S3-284891286,S3-532338024,S3-268085898,S3-765421518,S3-303920717
S1-697980001	S2-22935251,S2-882172155,S2-762532139,S2-485337509,S2-624509253,S2-710759094,S2-307685063,S2-914887378,S2-616917368,S2-972989699,S2-910490822,S2-162720099,S2-435712342,S2-526485547,S2-850578743,S2-445453106,S2-135038307,S2-515585165,S2-596696494,S2-24970872,S3-595036868,S3-586621922,S3-611353011,S3-561486942,S3-951793273,S3-462962560,S3-833684487,S3-238755367,S3-960006247,S3-517492057,S3-777496041,S3-194076618,S3-75709258,S3-310752649,S3-152962703,S3-154163405,S3-740862441,S3-701573581,S3-13058261,S3-113184158
S1-338401200	S2-839110260,S2-483346173,S2-37624591,S2-965645245,S2-557610072,S2-221826510,S2-528129926,S2-10952957,S2-580129281,S2-468276093,S2-406270393,S2-50741091,S2-474052754,S2-830250358,S2-571636395,S2-315842925,S2-499949518,S2-764473352,S2-622156585,S2-241744069,S3-167258292,S3-416574056,S3-125021015,S3-883805136,S3-117872267,S3-100977482,S3-615688314,S3-509997904,S3-999122472,S3-824856314,S3-542417505,S3-986636863,S3-833919217,S3-643779851,S3-591492307,S3-597501026,S3-56671871,S3-284848507,S3-116647644,S3-763704952
S1-501819870	S2-994671947,S2-4319563,S2-680310282,S2-340327725,S2-229448410,S2-310259722,S2-621158006,S2-763798600,S2-126425595,S2-550718551,S2-206757301,S2-774952726,S2-754779681,S2-721645076,S2-310917197,S2-332903914,S2-92027116,S2-865391268,S2-303299257,S2-427313552,S3-881803531,S3-639769267,S3-989525770,S3-32965476,S3-106514182,S3-763038833,S3-776158833,S3-256949887,S3-508997180,S3-104483386,S3-570376004,S3-698328840,S3-953401916,S3-518278685,S3-38105744,S3-304852081,S3-10173994,S3-922496663,S3-825010858,S3-460251935
S1-541668027	S2-781938410,S2-657508123,S2-3632893,S2-698207989,S2-23793150,S2-807777671,S2-412527378,S2-203605666,S2-552194605,S2-243136221,S2-623569663,S2-664563202,S2-572295730,S2-79919892,S2-431693791,S2-273001448,S2-165745719,S2-213689830,S2-222660925,S2-302706685,S3-531741517,S3-357381261,S3-416838920,S3-120606009,S3-980275547,S3-805656406,S3-126119051,S3-985345908,S3-715962146,S3-634870270,S3-941935150,S3-470065307,S3-212512637,S3-618775169,S3-874458676,S3-791475388,S3-843815715,S3-369240610,S3-736175683,S3-227529133
S1-966492570	S2-629757248,S2-17030293,S2-813733153,S2-586290813,S2-196983139,S2-632544258,S2-681505388,S2-889891267,S2-954872726,S2-771114220,S2-796927862,S2-93810166,S2-370158141,S2-860122409,S2-517849630,S2-896569797,S2-110080335,S2-653512374,S2-268687676,S2-305100591,S3-43058467,S3-459515185,S3-844741994,S3-701504086,S3-437742410,S3-624311877,S3-333966382,S3-398336588,S3-809839066,S3-265977240,S3-374706731,S3-933564506,S3-597758429,S3-170677769,S3-541998255,S3-215663718,S3-728946134,S3-343156333,S3-591750561,S3-263497666
S1-702544592	S2-103737875,S2-77723575,S2-355378370,S2-787620952,S2-395671932,S2-28080211,S2-824850781,S2-344366294,S2-132260715,S2-718616529,S2-431172890,S2-655003536,S2-407990681,S2-689550445,S2-850645284,S2-326899624,S2-140827328,S2-693228393,S2-931636837,S2-992417462,S3-575450230,S3-175307813,S3-171973454,S3-934087460,S3-884176566,S3-442354780,S3-495716237,S3-689534375,S3-473271250,S3-447236069,S3-211649020,S3-953568238,S3-267650734,S3-54938694,S3-624545586,S3-160961194,S3-606768697,S3-925102179,S3-743551346,S3-284591976
S1-528495462	S2-600867676,S2-914966490,S2-646654642,S2-260629268,S2-826422602,S2-623332015,S2-211030331,S2-337919691,S2-308217760,S2-897051486,S2-337741747,S2-230229824,S2-132225948,S2-738041764,S2-4321115,S2-133042023,S2-324280088,S2-519869304,S2-273318454,S2-109384507,S3-916186113,S3-505677840,S3-311529301,S3-488830012,S3-57277884,S3-40407022,S3-278061163,S3-144795237,S3-648059842,S3-186494557,S3-383218994,S3-362006003,S3-354939845,S3-366610971,S3-341813132,S3-338933501,S3-265013957,S3-358144277,S3-152771116,S3-72149779
S1-545863954	S2-976626376,S2-966811424,S2-899159317,S2-472278130,S2-583981147,S2-175296466,S2-833052208,S2-811678175,S2-427776899,S2-374919068,S2-207578305,S2-623773522,S2-968153697,S2-969540365,S2-151937784,S2-7545438,S2-850982024,S2-257091008,S2-919265497,S2-555361369,S3-711498747,S3-78587319,S3-557593652,S3-741782813,S3-46720233,S3-160916407,S3-87584317,S3-316742654,S3-2688047,S3-628440275,S3-318116779,S3-100419157,S3-52254875,S3-658757128,S3-611468130,S3-36988739,S3-267796818,S3-35930285,S3-601421262,S3-392979688
S1-772195807	S2-488520163,S2-336078551,S2-806627099,S2-61211378,S2-950680857,S2-227065501,S2-286462931,S2-28261819,S2-934266624,S2-109309630,S2-691552163,S2-492037178,S2-305113800,S2-957053671,S2-904059743,S2-350690640,S2-606465195,S2-551280736,S2-974497550,S2-273287294,S3-715398406,S3-576663685,S3-354221352,S3-138021435,S3-804841923,S3-84704672,S3-392936042,S3-411235385,S3-947224654,S3-710373711,S3-746039513,S3-348058065,S3-984929729,S3-235447011,S3-239028995,S3-458555257,S3-495929002,S3-841102088,S3-166034775,S3-252231115
S1-603731465	S2-80553198,S2-463924906,S2-488785607,S2-872103984,S2-617555720,S2-899035546,S2-907111807,S2-247139190,S2-714474903,S2-227333460,S2-190404911,S2-226661564,S2-726130868,S2-499225253,S2-206375685,S2-149627971,S2-140616809,S2-677587921,S2-162452998,S2-35447062,S3-197080977,S3-855226001,S3-775629298,S3-911144781,S3-400825632,S3-77257430,S3-77766630,S3-552613213,S3-278832805,S3-258552232,S3-165765562,S3-799336760,S3-526184766,S3-845714314,S3-176468375,S3-395239869,S3-370893767,S3-653666751,S3-174559725,S3-377422755
S1-453539657	S2-792088810,S2-145031699,S2-835386493,S2-720648641,S2-853287893,S2-356914741,S2-161157612,S2-999458281,S2-155769828,S2-283972713,S2-168882801,S2-878606752,S2-516304144,S2-829865914,S2-47442050,S2-689451434,S2-558797547,S2-820819917,S2-804632740,S2-6198371,S3-510427551,S3-311492411,S3-330054533,S3-209584694,S3-187496464,S3-468632318,S3-847602063,S3-503967646,S3-715639921,S3-470022967,S3-73705358,S3-467499369,S3-245427240,S3-568814367,S3-587200758,S3-579384604,S3-874008291,S3-842166033,S3-158111003,S3-96493
S1-46249643	S2-245484295,S2-239583669,S2-251399930,S2-601214229,S2-530477759,S2-754762260,S2-285861491,S2-606339225,S2-765515771,S2-369600716,S2-793482283,S2-404854269,S2-55471799,S2-13976532,S2-810769544,S2-771476868,S2-500103993,S2-569382870,S2-708947382,S2-739663962,S3-782320906,S3-297417296,S3-497366457,S3-602756754,S3-800174844,S3-602115807,S3-562975964,S3-218394135,S3-969005285,S3-139726492,S3-939274601,S3-297675057,S3-978720211,S3-912093437,S3-948414659,S3-335842705,S3-960064864,S3-144333333,S3-846994688,S3-530183813
S1-317928365	S2-781005088,S2-983240000,S2-325637062,S2-954394454,S2-42110101,S2-417175737,S2-377032895,S2-645107850,S2-345148258,S2-415897985,S2-54621999,S2-932820832,S2-317010776,S2-668226695,S2-43305732,S2-926915007,S2-691097798,S2-975549235,S2-18177695,S2-982659211,S3-145729614,S3-175443554,S3-254957014,S3-282774756,S3-866580997,S3-238568846,S3-508845266,S3-302516864,S3-609510738,S3-476791855,S3-121890848,S3-820442431,S3-545762589,S3-580790975,S3-32387908,S3-189475939,S3-674234124,S3-864275607,S3-702192442,S3-22554814
S1-735449543	S2-199849747,S2-299022874,S2-783443532,S2-13629735,S2-856860182,S2-404876076,S2-612891015,S2-152195872,S2-962613463,S2-343331000,S2-930922155,S2-885411778,S2-733379415,S2-789388362,S2-474563662,S2-761197372,S2-717975833,S2-912789699,S2-388029707,S2-453220580,S3-458931446,S3-63719773,S3-883505118,S3-661604940,S3-17759119,S3-730316636,S3-755574003,S3-60113650,S3-633725623,S3-27378873,S3-459903319,S3-254292146,S3-933166807,S3-637574823,S3-757977106,S3-578527270,S3-197270170,S3-556615248,S3-584137214,S3-567972670
S1-368898506	S2-108680526,S2-575003280,S2-802395851,S2-407282202,S2-780643260,S2-383355616,S2-640146321,S2-925049868,S2-874720845,S2-963803488,S2-973459618,S2-593541268,S2-711321945,S2-234735033,S2-74351789,S2-614545003,S2-423880378,S2-949370141,S2-984913220,S2-494450636,S3-448159015,S3-960939912,S3-795382563,S3-295209532,S3-760333904,S3-593920675,S3-991348616,S3-577999881,S3-783623195,S3-124131791,S3-955570190,S3-553123997,S3-155717596,S3-158901285,S3-497451391,S3-487880418,S3-925679856,S3-278902358,S3-336355575,S3-263456985
S1-39608811	S2-988086155,S2-532302040,S2-450458394,S2-163310266,S2-52240384,S2-773702503,S2-547730426,S2-743638585,S2-343895614,S2-823005792,S2-73414654,S2-80489941,S2-739053823,S2-140584198,S2-173823359,S2-302694063,S2-904763293,S2-820064989,S2-142405966,S2-332285689,S3-155530471,S3-71972839,S3-986814621,S3-697309870,S3-608348399,S3-237268296,S3-619815954,S3-230293210,S3-791659893,S3-351904124,S3-581696243,S3-802722298,S3-168788102,S3-445912767,S3-617310106,S3-414104155,S3-305652977,S3-934122441,S3-375140495,S3-782200230
S1-497232093	S2-292845680,S2-86895528,S2-403349551,S2-296040203,S2-78760168,S2-480965901,S2-517646159,S2-19271569,S2-252986419,S2-68607233,S2-415634739,S2-755011898,S2-396986985,S2-601837447,S2-644273512,S2-940459795,S2-830022608,S2-633889251,S2-642549766,S2-657674303,S3-398663305,S3-678733971,S3-884363346,S3-538732864,S3-605433106,S3-377369236,S3-457491150,S3-571235646,S3-48847456,S3-500535936,S3-421191509,S3-625750989,S3-293398180,S3-815624818,S3-884509192,S3-233666345,S3-321900489,S3-897206264,S3-330163418,S3-144420950
S1-740176897	S2-900220600,S2-760467372,S2-849850500,S2-707029363,S2-90282614,S2-158763449,S2-229478482,S2-636196033,S2-202929334,S2-554190044,S2-923689213,S2-4159012,S2-241362122,S2-109811495,S2-531652915,S2-723366124,S2-456659291,S2-687975083,S2-754864661,S2-932820832,S3-145729614,S3-866580997,S3-238568846,S3-302516864,S3-32387908,S3-702192442,S3-132722092,S3-58465858,S3-674234124,S3-175443554,S3-422242645,S3-545762589,S3-505728960,S3-254957014,S3-406335797,S3-397954251,S3-233201952,S3-597439500,S3-54856979,S3-297725819
S1-699373004	S2-176640645,S2-54070971,S2-747445353,S2-13708400,S2-848091158,S2-493596612,S2-409978586,S2-306577896,S2-950931840,S2-488069213,S2-75376425,S2-495954296,S2-437758024,S2-767560004,S2-901720921,S2-876114239,S2-459209285,S2-902195238,S2-483551446,S2-675032190,S3-675604720,S3-537127789,S3-686517119,S3-484456750,S3-629214879,S3-5178423,S3-994420217,S3-363771313,S3-915029999,S3-359045191,S3-173559644,S3-551486163,S3-659583270,S3-217917791,S3-841938338,S3-383514096,S3-500677271,S3-489910711,S3-529812057,S3-723772457
S1-760964613	S2-196104502,S2-607894719,S2-981703135,S2-44874165,S2-967911515,S2-290439466,S2-963717016,S2-969257156,S2-403346293,S2-272486048,S2-85532723,S2-94362959,S2-525704467,S2-415897985,S2-914885746,S2-466580192,S2-720123199,S2-333784856,S2-355656005,S2-324897034,S3-710339284,S3-282774756,S3-799128595,S3-422242645,S3-233201952,S3-145729614,S3-189475939,S3-238568846,S3-503615189,S3-553228322,S3-157732099,S3-468363908,S3-845472315,S3-254957014,S3-155166158,S3-453404850,S3-175443554,S3-302516864,S3-609510738,S3-332236968
S1-759533619	S2-866889816,S2-822158777,S2-590280766,S2-331586480,S2-815296655,S2-61290486,S2-146078306,S2-147990759,S2-688215327,S2-853273019,S2-765978472,S2-1190908,S2-355656005,S2-164949972,S2-427637832,S2-148650459,S2-290439466,S2-889243203,S2-696865166,S2-16821667,S3-189475939,S3-422242645,S3-799128595,S3-553228322,S3-332236968,S3-233201952,S3-838377508,S3-547078128,S3-157732099,S3-569051222,S3-145729614,S3-715186323,S3-29791337,S3-302516864,S3-248174403,S3-190358575,S3-601895066,S3-388981527,S3-493601495,S3-744700443
S1-89928972	S2-942315460,S2-577928949,S2-992201461,S2-135243872,S2-629355310,S2-299138179,S2-313017868,S2-903049690,S2-360417048,S2-522232069,S2-516243741,S2-583726078,S2-374658838,S2-99572113,S2-145829759,S2-503622674,S2-816024565,S2-412180114,S2-665607256,S2-275299832,S3-488800702,S3-839643981,S3-254100026,S3-274535881,S3-525968369,S3-994112997,S3-314754092,S3-869546266,S3-379269964,S3-358729746,S3-375977098,S3-663445963,S3-240724875,S3-852118466,S3-114631050,S3-453958658,S3-576540657,S3-910453862,S3-563662688,S3-580993156
S1-415302434	S2-846317662,S2-606608228,S2-499299724,S2-565744021,S2-107272647,S2-350091995,S2-670795197,S2-834245029,S2-954825010,S2-689802904,S2-729915788,S2-107557903,S2-806661640,S2-929911816,S2-554889050,S2-313348476,S2-571232685,S2-78934451,S2-449133244,S2-993959978,S3-903697944,S3-371325224,S3-60157391,S3-823344165,S3-150255606,S3-804274330,S3-394653957,S3-16568631,S3-159044280,S3-261054764,S3-315221796,S3-832515295,S3-456739195,S3-517738761,S3-158535190,S3-251109686,S3-777144029,S3-169988073,S3-841608531,S3-806870776
S1-397514626	S2-13634060,S2-621938573,S2-195159530,S2-710856755,S2-39872285,S2-848179436,S2-885688057,S2-691886736,S2-387488972,S2-991960572,S2-330246113,S2-344937070,S2-299811060,S2-627930224,S2-66415976,S2-809193134,S2-499169323,S2-411528886,S2-227417756,S2-96218419,S3-107996711,S3-290183479,S3-430759882,S3-456180753,S3-907062186,S3-194882242,S3-476087637,S3-239955875,S3-590493604,S3-135361400,S3-828823521,S3-164725205,S3-869805384,S3-263574637,S3-599120803,S3-519262330,S3-734694785,S3-619896850,S3-747192214,S3-432938711
